Datenstand,IdBundesland,IdLandkreis,AnzahlFall,AnzahlTodesfall,AnzahlFall_neu,AnzahlTodesfall_neu,AnzahlFall_7d,report_date,meldedatum_max,population,incidence_7d
2022-04-23,1,1001,23245,69,145,0,993,2022-04-23,2022-04-22,89934,1104.143038228034
2022-04-23,1,1002,54966,212,446,4,2869,2022-04-23,2022-04-22,246601,1163.4178288003698
2022-04-23,1,1003,49930,132,475,0,3237,2022-04-23,2022-04-22,215846,1499.6803276410033
2022-04-23,1,1004,18417,79,102,0,883,2022-04-23,2022-04-22,79905,1105.0622614354545
2022-04-23,1,1051,30007,96,288,0,1782,2022-04-23,2022-04-22,133251,1337.3257986806852
2022-04-23,1,1053,42658,151,235,1,1093,2022-04-23,2022-04-22,199152,548.8270265927532
2022-04-23,1,1054,38667,133,431,1,2377,2022-04-23,2022-04-22,167147,1422.1015034670081
2022-04-23,1,1055,36070,115,1164,1,2941,2022-04-23,2022-04-22,201487,1459.6475206837165
2022-04-23,1,1056,70723,466,600,1,2960,2022-04-23,2022-04-22,317085,933.503634672091
2022-04-23,1,1057,22346,51,267,0,1834,2022-04-23,2022-04-22,129353,1417.8256399155798
2022-04-23,1,1058,56696,98,441,0,3770,2022-04-23,2022-04-22,274765,1372.0815970010735
2022-04-23,1,1059,42331,112,385,0,2164,2022-04-23,2022-04-22,202647,1067.8667831253363
2022-04-23,1,1060,63004,270,1038,2,2699,2022-04-23,2022-04-22,278007,970.8388637696173
2022-04-23,1,1061,21582,64,242,0,1019,2022-04-23,2022-04-22,130706,779.6122595749239
2022-04-23,1,1062,53039,365,481,0,2700,2022-04-23,2022-04-22,244989,1102.0902979317439
2022-04-23,2,2000,521933,2497,4992,4,14792,2022-04-23,2022-04-22,1852478,798.4980118522325
2022-04-23,3,3101,59396,267,428,0,2959,2022-04-23,2022-04-22,248561,1190.452243111349
2022-04-23,3,3102,32238,161,103,1,961,2022-04-23,2022-04-22,103866,925.2305855621667
2022-04-23,3,3103,34839,178,206,0,876,2022-04-23,2022-04-22,123840,707.3643410852713
2022-04-23,3,3151,46738,294,449,0,1482,2022-04-23,2022-04-22,177227,836.2157007679416
2022-04-23,3,3153,30352,187,195,0,1278,2022-04-23,2022-04-22,134688,948.8595866001426
2022-04-23,3,3154,23046,136,182,1,819,2022-04-23,2022-04-22,91518,894.9059201468563
2022-04-23,3,3155,31402,132,764,3,1858,2022-04-23,2022-04-22,131772,1410.0112315211122
2022-04-23,3,3157,37255,144,207,0,1387,2022-04-23,2022-04-22,135844,1021.0241158976472
2022-04-23,3,3158,28115,123,200,0,1405,2022-04-23,2022-04-22,119361,1177.1013982791699
2022-04-23,3,3159,65218,374,607,1,2742,2022-04-23,2022-04-22,323900,846.5575794998457
2022-04-23,3,3241,314315,1529,2486,16,9133,2022-04-23,2022-04-22,1155330,790.5100707157263
2022-04-23,3,3251,55174,134,727,1,3604,2022-04-23,2022-04-22,218072,1652.6651748046518
2022-04-23,3,3252,37342,121,217,0,1628,2022-04-23,2022-04-22,148580,1095.70601696056
2022-04-23,3,3254,68502,411,450,0,3090,2022-04-23,2022-04-22,275464,1121.743676124648
2022-04-23,3,3255,16605,123,334,0,728,2022-04-23,2022-04-22,70207,1036.9336390958167
2022-04-23,3,3256,30271,183,431,0,1800,2022-04-23,2022-04-22,121645,1479.7155657856879
2022-04-23,3,3257,39873,171,356,0,1709,2022-04-23,2022-04-22,158406,1078.8732750022095
2022-04-23,3,3351,44116,141,276,1,1812,2022-04-23,2022-04-22,179386,1010.1122718606803
2022-04-23,3,3352,46657,220,936,0,3041,2022-04-23,2022-04-22,198826,1529.4780360717411
2022-04-23,3,3353,59762,186,703,0,2714,2022-04-23,2022-04-22,256016,1060.0899943753516
2022-04-23,3,3354,10320,32,140,0,740,2022-04-23,2022-04-22,48503,1525.6788239902687
2022-04-23,3,3355,42923,102,442,0,1999,2022-04-23,2022-04-22,184235,1085.027274947757
2022-04-23,3,3356,25633,80,268,0,1483,2022-04-23,2022-04-22,114640,1293.6147941381716
2022-04-23,3,3357,38371,141,523,0,1861,2022-04-23,2022-04-22,164486,1131.4032805223544
2022-04-23,3,3358,32056,163,443,2,1413,2022-04-23,2022-04-22,140885,1002.9456649039998
2022-04-23,3,3359,46849,191,815,1,2733,2022-04-23,2022-04-22,205357,1330.8530997238956
2022-04-23,3,3360,20369,157,318,0,1394,2022-04-23,2022-04-22,92566,1505.9525095607457
2022-04-23,3,3361,34069,145,599,0,1980,2022-04-23,2022-04-22,137574,1439.2254350385974
2022-04-23,3,3401,20431,89,125,0,1051,2022-04-23,2022-04-22,77503,1356.0765389726848
2022-04-23,3,3402,13923,40,174,0,516,2022-04-23,2022-04-22,49874,1034.6072101696275
2022-04-23,3,3403,39784,60,991,0,2241,2022-04-23,2022-04-22,169605,1321.3053860440434
2022-04-23,3,3404,46608,147,290,0,1725,2022-04-23,2022-04-22,164223,1050.400979156391
2022-04-23,3,3405,17554,97,233,0,807,2022-04-23,2022-04-22,75189,1073.2952958544467
2022-04-23,3,3451,26311,88,479,0,1932,2022-04-23,2022-04-22,125643,1537.6901220123684
2022-04-23,3,3452,48041,130,856,0,2490,2022-04-23,2022-04-22,190178,1309.2997086939604
2022-04-23,3,3453,56225,214,579,0,2370,2022-04-23,2022-04-22,172632,1372.8625052134018
2022-04-23,3,3454,112542,284,1354,0,5616,2022-04-23,2022-04-22,328930,1707.3541482990302
2022-04-23,3,3455,20148,59,398,0,1107,2022-04-23,2022-04-22,98971,1118.5094623677642
2022-04-23,3,3456,45924,166,467,0,2195,2022-04-23,2022-04-22,137891,1591.83703069816
2022-04-23,3,3457,43539,108,774,0,2238,2022-04-23,2022-04-22,171483,1305.0856353107888
2022-04-23,3,3458,34003,145,507,0,2460,2022-04-23,2022-04-22,131467,1871.192010162246
2022-04-23,3,3459,105990,408,810,0,3938,2022-04-23,2022-04-22,359471,1095.4986633135914
2022-04-23,3,3460,53068,102,554,1,2321,2022-04-23,2022-04-22,143698,1615.192974154129
2022-04-23,3,3461,20843,148,224,0,1163,2022-04-23,2022-04-22,88524,1313.7680177127106
2022-04-23,3,3462,14036,54,306,0,1172,2022-04-23,2022-04-22,57384,2042.3811515404989
2022-04-23,4,4011,146914,569,1170,2,6187,2022-04-23,2022-04-22,566573,1092.004031254578
2022-04-23,4,4012,33594,174,266,0,1391,2022-04-23,2022-04-22,113557,1224.9354949496728
2022-04-23,5,5111,174161,826,947,0,4102,2022-04-23,2022-04-22,620523,661.055271118073
2022-04-23,5,5112,109074,890,355,0,2101,2022-04-23,2022-04-22,495885,423.6869435453785
2022-04-23,5,5113,135893,756,772,0,4204,2022-04-23,2022-04-22,582415,721.8220684563413
2022-04-23,5,5114,61120,264,179,0,1280,2022-04-23,2022-04-22,226844,564.2644284177674
2022-04-23,5,5116,60982,328,303,1,1824,2022-04-23,2022-04-22,259665,702.4435330136907
2022-04-23,5,5117,40175,332,322,0,1156,2022-04-23,2022-04-22,170921,676.335851065697
2022-04-23,5,5119,47923,455,257,0,921,2022-04-23,2022-04-22,209566,439.479686590382
2022-04-23,5,5120,31904,265,125,0,888,2022-04-23,2022-04-22,111516,796.2982890347574
2022-04-23,5,5122,50813,297,176,0,1292,2022-04-23,2022-04-22,159193,811.5934745874505
2022-04-23,5,5124,104558,641,207,1,2389,2022-04-23,2022-04-21,355004,672.9501639418147
2022-04-23,5,5154,73541,343,381,5,2282,2022-04-23,2022-04-22,313586,727.7110585293987
2022-04-23,5,5158,134249,985,648,0,3149,2022-04-23,2022-04-22,484322,650.187272104096
2022-04-23,5,5162,114697,527,449,0,2807,2022-04-23,2022-04-22,452001,621.0163251851213
2022-04-23,5,5166,74386,376,402,0,2278,2022-04-23,2022-04-22,298536,763.0570517458531
2022-04-23,5,5170,113639,399,801,0,3163,2022-04-23,2022-04-22,460113,687.4398245648351
2022-04-23,5,5314,89058,381,287,0,2208,2022-04-23,2022-04-22,330579,667.9190148194531
2022-04-23,5,5315,330141,1041,1023,0,5484,2022-04-23,2022-04-22,1083498,506.1384515707459
2022-04-23,5,5316,46515,171,147,0,956,2022-04-23,2022-04-22,163905,583.2646960129343
2022-04-23,5,5334,151424,810,647,0,4083,2022-04-23,2022-04-22,556631,733.5200518835637
2022-04-23,5,5358,78651,416,343,1,2349,2022-04-23,2022-04-22,265140,885.9470468431772
2022-04-23,5,5362,132963,548,606,0,3184,2022-04-23,2022-04-22,469611,678.0079682971651
2022-04-23,5,5366,54017,306,322,2,1564,2022-04-23,2022-04-22,194359,804.6964637603609
2022-04-23,5,5370,56230,474,374,0,1637,2022-04-23,2022-04-22,256458,638.3111464645283
2022-04-23,5,5374,81282,427,221,1,1637,2022-04-23,2022-04-22,271699,602.5049779351415
2022-04-23,5,5378,72337,243,301,0,1634,2022-04-23,2022-04-22,283275,576.8246403671344
2022-04-23,5,5382,137884,761,839,5,3087,2022-04-23,2022-04-22,600375,514.1786383510306
2022-04-23,5,5512,29417,170,143,0,678,2022-04-23,2022-04-22,117388,577.5718131325178
2022-04-23,5,5513,66918,558,314,0,1436,2022-04-23,2022-04-22,259105,554.215472491847
2022-04-23,5,5515,83542,197,1452,0,4673,2022-04-23,2022-04-22,316403,1476.9139357085742
2022-04-23,5,5554,125966,431,1331,3,5127,2022-04-23,2022-04-22,371898,1378.6038107222948
2022-04-23,5,5558,60812,130,402,0,3626,2022-04-23,2022-04-22,220712,1642.8649099278696
2022-04-23,5,5562,151130,1272,820,1,3871,2022-04-23,2022-04-22,613599,630.8680424837719
2022-04-23,5,5566,132839,460,847,0,4594,2022-04-23,2022-04-22,448197,1024.9957050136436
2022-04-23,5,5570,79773,339,670,0,3158,2022-04-23,2022-04-22,277417,1138.358500019826
2022-04-23,5,5711,90907,542,595,3,3590,2022-04-23,2022-04-22,333509,1076.4327199565828
2022-04-23,5,5754,116400,452,553,0,3393,2022-04-23,2022-04-22,364818,930.0527934476917
2022-04-23,5,5758,79954,311,1547,0,2354,2022-04-23,2022-04-22,250547,939.5442771216578
2022-04-23,5,5762,34961,198,189,1,1358,2022-04-23,2022-04-22,139729,971.8812844863986
2022-04-23,5,5766,92874,568,0,0,1840,2022-04-23,2022-04-21,346970,530.3052137072369
2022-04-23,5,5770,105029,449,462,0,4474,2022-04-23,2022-04-22,310270,1441.9698971863218
2022-04-23,5,5774,72370,216,657,0,3530,2022-04-23,2022-04-22,308335,1144.8586764395868
2022-04-23,5,5911,86234,416,488,1,2876,2022-04-23,2022-04-22,364454,789.1256509737854
2022-04-23,5,5913,156583,530,771,1,4386,2022-04-23,2022-04-22,587696,746.3042117012877
2022-04-23,5,5914,53286,464,329,0,1374,2022-04-23,2022-04-22,188687,728.1900713880659
2022-04-23,5,5915,51851,280,245,-1,1520,2022-04-23,2022-04-22,178967,849.3185894606268
2022-04-23,5,5916,43480,358,202,1,1216,2022-04-23,2022-04-22,156940,774.818401937046
2022-04-23,5,5954,77432,530,1045,4,2238,2022-04-23,2022-04-22,323130,692.6005013462075
2022-04-23,5,5958,69676,266,546,0,2750,2022-04-23,2022-04-22,259030,1061.6530903756322
2022-04-23,5,5962,117359,619,481,2,4030,2022-04-23,2022-04-22,408662,986.14502938859
2022-04-23,5,5966,33810,201,142,0,1029,2022-04-23,2022-04-22,133362,771.5841094164755
2022-04-23,5,5970,77435,266,859,3,2630,2022-04-23,2022-04-22,275491,954.6591358701372
2022-04-23,5,5974,75902,350,412,0,2457,2022-04-23,2022-04-22,301016,816.235681824222
2022-04-23,5,5978,94422,650,655,5,3532,2022-04-23,2022-04-22,393618,897.3166877531007
2022-04-23,6,6411,39722,201,195,0,1535,2022-04-23,2022-04-22,159174,964.3534748137259
2022-04-23,6,6412,216657,1201,2300,2,5854,2022-04-23,2022-04-22,764104,766.1260770785129
2022-04-23,6,6413,41175,264,153,0,763,2022-04-23,2022-04-22,130892,582.9233261009076
2022-04-23,6,6414,79154,392,357,1,2692,2022-04-23,2022-04-22,278609,966.228657365699
2022-04-23,6,6431,75469,449,504,1,3236,2022-04-23,2022-04-22,271015,1194.0298507462687
2022-04-23,6,6432,73107,421,375,0,2983,2022-04-23,2022-04-22,297701,1002.0120859520122
2022-04-23,6,6433,72184,373,306,0,2124,2022-04-23,2022-04-22,275807,770.1037319574921
2022-04-23,6,6434,56537,265,349,1,2943,2022-04-23,2022-04-22,237281,1240.3015833547565
2022-04-23,6,6435,119599,841,510,0,4275,2022-04-23,2022-04-22,421689,1013.7802978024089
2022-04-23,6,6436,60469,298,371,1,2179,2022-04-23,2022-04-22,239264,910.7095091614283
2022-04-23,6,6437,27400,221,151,0,1160,2022-04-23,2022-04-22,96754,1198.916840647415
2022-04-23,6,6438,99275,750,317,0,3299,2022-04-23,2022-04-22,356542,925.276685495678
2022-04-23,6,6439,47125,215,231,0,1862,2022-04-23,2022-04-22,187433,993.4216493360294
2022-04-23,6,6440,78574,632,591,0,2978,2022-04-23,2022-04-22,310353,959.5525095616927
2022-04-23,6,6531,75036,408,519,1,3263,2022-04-23,2022-04-22,271667,1201.1028207327354
2022-04-23,6,6532,68666,303,403,2,2787,2022-04-23,2022-04-22,253373,1099.959348470437
2022-04-23,6,6533,46510,348,179,0,1424,2022-04-23,2022-04-22,172291,826.5086394530184
2022-04-23,6,6534,64020,340,711,0,2963,2022-04-23,2022-04-22,245903,1204.9466659617817
2022-04-23,6,6535,27790,123,177,0,1927,2022-04-23,2022-04-22,105506,1826.4364111993632
2022-04-23,6,6611,46071,259,221,8,1018,2022-04-23,2022-04-22,201048,506.3467430663324
2022-04-23,6,6631,76901,382,547,0,3291,2022-04-23,2022-04-22,223023,1475.6325580769696
2022-04-23,6,6632,29154,219,317,0,731,2022-04-23,2022-04-22,120304,607.6273440617103
2022-04-23,6,6633,47119,277,328,0,1708,2022-04-23,2022-04-22,237007,720.6538203512977
2022-04-23,6,6634,41176,280,429,0,2368,2022-04-23,2022-04-22,179840,1316.7259786476868
2022-04-23,6,6635,37895,179,472,0,1788,2022-04-23,2022-04-22,156528,1142.2876418276603
2022-04-23,6,6636,23158,206,249,1,1430,2022-04-23,2022-04-22,100046,1429.3425024488736
2022-04-23,7,7111,30120,184,197,0,827,2022-04-23,2022-04-22,113388,729.3540762690938
2022-04-23,7,7131,29241,92,122,0,784,2022-04-23,2022-04-22,130479,600.8629741184405
2022-04-23,7,7132,30856,136,250,0,1164,2022-04-23,2022-04-22,129087,901.7174463733761
2022-04-23,7,7133,43688,175,436,0,1857,2022-04-23,2022-04-22,158746,1169.7932546331876
2022-04-23,7,7134,21436,146,191,1,821,2022-04-23,2022-04-22,80830,1015.7119881232217
2022-04-23,7,7135,15440,92,184,0,569,2022-04-23,2022-04-22,61578,924.0313098834
2022-04-23,7,7137,55417,227,438,0,1681,2022-04-23,2022-04-22,214786,782.6394643971208
2022-04-23,7,7138,42751,240,365,0,1192,2022-04-23,2022-04-22,183131,650.9001752843593
2022-04-23,7,7140,23901,126,286,0,813,2022-04-23,2022-04-22,103401,786.2593205094729
2022-04-23,7,7141,28668,119,190,0,1168,2022-04-23,2022-04-22,122574,952.8937621355263
2022-04-23,7,7143,51573,234,377,1,2266,2022-04-23,2022-04-22,202830,1117.191736922546
2022-04-23,7,7211,26633,59,185,0,977,2022-04-23,2022-04-22,110674,882.7728283065579
2022-04-23,7,7231,25903,106,180,0,1091,2022-04-23,2022-04-22,112685,968.1856502640102
2022-04-23,7,7232,22474,51,23,0,471,2022-04-23,2022-04-21,100055,470.74109239918045
2022-04-23,7,7233,17032,84,113,0,1177,2022-04-23,2022-04-22,60491,1945.743994974459
2022-04-23,7,7235,36199,134,356,0,1569,2022-04-23,2022-04-22,150533,1042.296373552643
2022-04-23,7,7311,12795,87,133,0,238,2022-04-23,2022-04-22,48750,488.2051282051282
2022-04-23,7,7312,27877,197,234,0,971,2022-04-23,2022-04-22,99662,974.2931107142141
2022-04-23,7,7313,9856,64,81,0,152,2022-04-23,2022-04-22,46685,325.5863767805505
2022-04-23,7,7314,47611,412,313,0,782,2022-04-23,2022-04-22,172557,453.1835857137062
2022-04-23,7,7315,60980,255,558,0,1877,2022-04-23,2022-04-22,217123,864.4869497934351
2022-04-23,7,7316,13965,62,74,0,534,2022-04-23,2022-04-22,53306,1001.763403744419
2022-04-23,7,7317,9320,92,65,0,207,2022-04-23,2022-04-22,40176,515.2329749103943
2022-04-23,7,7318,14527,115,77,0,234,2022-04-23,2022-04-22,50741,461.1655268914684
2022-04-23,7,7319,24628,134,253,0,789,2022-04-23,2022-04-22,83459,945.3743754418338
2022-04-23,7,7320,7940,26,107,0,363,2022-04-23,2022-04-22,34001,1067.6156583629893
2022-04-23,7,7331,34013,185,433,0,1609,2022-04-23,2022-04-22,130715,1230.9222353976209
2022-04-23,7,7332,31021,213,205,1,1163,2022-04-23,2022-04-22,133004,874.4097921867011
2022-04-23,7,7333,19529,106,115,0,726,2022-04-23,2022-04-22,75539,961.0929453659699
2022-04-23,7,7334,40219,202,227,0,1546,2022-04-23,2022-04-22,129006,1198.3938731531866
2022-04-23,7,7335,33333,145,324,0,1325,2022-04-23,2022-04-22,106320,1246.2377727614748
2022-04-23,7,7336,17043,102,99,0,734,2022-04-23,2022-04-22,70105,1047.0009271806575
2022-04-23,7,7337,22109,164,370,1,564,2022-04-23,2022-04-22,110783,509.1033822878961
2022-04-23,7,7338,38205,279,285,0,818,2022-04-23,2022-04-22,154754,528.5808444369774
2022-04-23,7,7339,55144,286,432,0,2191,2022-04-23,2022-04-22,211525,1035.8113698144427
2022-04-23,7,7340,20888,131,365,0,946,2022-04-23,2022-04-22,94912,996.7127444369521
2022-04-23,8,8111,164807,668,1113,0,4443,2022-04-23,2022-04-22,630305,704.896835658927
2022-04-23,8,8115,119309,454,450,0,3348,2022-04-23,2022-04-22,392898,852.1295603439061
2022-04-23,8,8116,162889,797,689,0,3798,2022-04-23,2022-04-22,533617,711.7464398622982
2022-04-23,8,8117,79763,386,287,0,1445,2022-04-23,2022-04-22,258781,558.387207716177
2022-04-23,8,8118,155793,707,598,1,3357,2022-04-23,2022-04-22,544971,615.9960805253858
2022-04-23,8,8119,127963,581,706,1,3828,2022-04-23,2022-04-22,427286,895.8870639337587
2022-04-23,8,8121,43908,263,85,0,768,2022-04-23,2022-04-22,126458,607.3162631071186
2022-04-23,8,8125,113593,322,516,1,3332,2022-04-23,2022-04-22,346363,961.996518103839
2022-04-23,8,8126,36311,177,189,0,730,2022-04-23,2022-04-22,112765,647.3639870527202
2022-04-23,8,8127,62551,329,253,0,1235,2022-04-23,2022-04-22,197860,624.1787122207621
2022-04-23,8,8128,39438,190,256,0,871,2022-04-23,2022-04-22,132684,656.4468963853969
2022-04-23,8,8135,44045,297,102,0,780,2022-04-23,2022-04-22,132812,587.296328645002
2022-04-23,8,8136,102875,565,402,1,2710,2022-04-23,2022-04-22,314294,862.2499952273986
2022-04-23,8,8211,15440,104,66,0,464,2022-04-23,2022-04-22,55449,836.8049919746073
2022-04-23,8,8212,83884,343,706,0,2462,2022-04-23,2022-04-22,308436,798.2207005667301
2022-04-23,8,8215,134435,686,1329,0,4463,2022-04-23,2022-04-22,446852,998.7646916652493
2022-04-23,8,8216,72764,359,295,0,2351,2022-04-23,2022-04-22,232091,1012.9647422778133
2022-04-23,8,8221,39173,109,187,0,1076,2022-04-23,2022-04-22,158741,677.8337039580197
2022-04-23,8,8222,93245,471,467,0,2375,2022-04-23,2022-04-22,309721,766.8191695106241
2022-04-23,8,8225,45981,210,261,0,1445,2022-04-23,2022-04-22,143797,1004.8888363456817
2022-04-23,8,8226,155574,659,843,1,4767,2022-04-23,2022-04-22,548233,869.520805934703
2022-04-23,8,8231,42328,317,199,1,912,2022-04-23,2022-04-22,126016,723.717623158964
2022-04-23,8,8235,49547,279,290,2,1321,2022-04-23,2022-04-22,160149,824.8568520565224
2022-04-23,8,8236,61387,335,385,2,1916,2022-04-23,2022-04-22,199752,959.1893948496134
2022-04-23,8,8237,38799,235,224,0,810,2022-04-23,2022-04-22,118364,684.3296948396472
2022-04-23,8,8311,69602,249,323,0,1588,2022-04-23,2022-04-22,230940,687.6244912098381
2022-04-23,8,8315,75712,314,325,2,1744,2022-04-23,2022-04-22,264867,658.443671729585
2022-04-23,8,8316,50891,233,204,1,1361,2022-04-23,2022-04-22,166862,815.6440651556376
2022-04-23,8,8317,147299,758,689,4,2657,2022-04-23,2022-04-22,432580,614.221646863008
2022-04-23,8,8325,50272,273,155,0,740,2022-04-23,2022-04-22,140166,527.9454361257366
2022-04-23,8,8326,72337,357,104,0,876,2022-04-23,2022-04-22,212872,411.5149009733548
2022-04-23,8,8327,49135,249,86,1,682,2022-04-23,2022-04-22,141682,481.35966460100786
2022-04-23,8,8335,85768,423,421,0,1469,2022-04-23,2022-04-22,286876,512.0679317893446
2022-04-23,8,8336,65965,412,174,1,1501,2022-04-23,2022-04-22,228842,655.911065276479
2022-04-23,8,8337,50384,311,138,0,791,2022-04-23,2022-04-22,171237,461.9328766563301
2022-04-23,8,8415,91278,437,360,1,2010,2022-04-23,2022-04-22,287497,699.1377301328362
2022-04-23,8,8416,67277,245,295,0,2070,2022-04-23,2022-04-22,228471,906.0230838924853
2022-04-23,8,8417,61943,235,95,0,1207,2022-04-23,2022-04-22,189862,635.7248949236814
2022-04-23,8,8421,40706,113,121,0,863,2022-04-23,2022-04-22,126405,682.7261579842569
2022-04-23,8,8425,65088,228,240,0,1569,2022-04-23,2022-04-22,198204,791.6086456378276
2022-04-23,8,8426,70310,276,390,0,1899,2022-04-23,2022-04-22,202250,938.9369592088999
2022-04-23,8,8435,67002,303,334,0,1359,2022-04-23,2022-04-22,217901,623.6777252054833
2022-04-23,8,8436,94638,220,427,0,2462,2022-04-23,2022-04-22,285888,861.1764047459145
2022-04-23,8,8437,47455,165,150,1,995,2022-04-23,2022-04-22,130946,759.8552074901104
2022-04-23,9,9161,47766,243,150,1,801,2022-04-23,2022-04-22,136952,584.8764530638472
2022-04-23,9,9162,487301,1970,1326,0,8936,2022-04-23,2022-04-22,1488202,600.4561208760639
2022-04-23,9,9163,24611,124,99,0,444,2022-04-23,2022-04-22,63591,698.212011133651
2022-04-23,9,9171,42420,324,116,0,860,2022-04-23,2022-04-22,111654,770.2366238558403
2022-04-23,9,9172,40828,185,74,0,525,2022-04-23,2022-04-22,106327,493.75981641539784
2022-04-23,9,9173,44483,178,130,0,725,2022-04-23,2022-04-22,128212,565.4696908245718
2022-04-23,9,9174,56045,233,218,0,1414,2022-04-23,2022-04-22,155117,911.5699762115048
2022-04-23,9,9175,49417,274,238,0,1515,2022-04-23,2022-04-22,144091,1051.4188950038517
2022-04-23,9,9176,46426,139,168,0,1182,2022-04-23,2022-04-22,133169,887.5939595551517
2022-04-23,9,9177,52246,182,348,0,1170,2022-04-23,2022-04-22,138891,842.387195714625
2022-04-23,9,9178,60285,213,169,0,1285,2022-04-23,2022-04-22,180313,712.6496702955417
2022-04-23,9,9179,69618,225,305,0,1795,2022-04-23,2022-04-22,218740,820.6089421230686
2022-04-23,9,9180,28387,148,81,1,510,2022-04-23,2022-04-22,88279,577.7138390783765
2022-04-23,9,9181,39261,122,103,0,998,2022-04-23,2022-04-22,121019,824.6638957519068
2022-04-23,9,9182,34597,182,139,0,726,2022-04-23,2022-04-22,100183,724.6738468602457
2022-04-23,9,9183,48435,299,83,0,1096,2022-04-23,2022-04-22,116483,940.909832336049
2022-04-23,9,9184,107577,362,399,0,2319,2022-04-23,2022-04-22,349685,663.1682800234497
2022-04-23,9,9185,36112,130,47,0,825,2022-04-23,2022-04-22,97730,844.1624884886933
2022-04-23,9,9186,45187,235,172,1,1055,2022-04-23,2022-04-22,129128,817.0187720711233
2022-04-23,9,9187,102469,701,547,1,2377,2022-04-23,2022-04-22,261721,908.2190576988473
2022-04-23,9,9188,40210,165,155,0,850,2022-04-23,2022-04-22,136610,622.2092086962887
2022-04-23,9,9189,72646,345,163,0,1163,2022-04-23,2022-04-22,177485,655.2666422514578
2022-04-23,9,9190,45770,186,179,0,1303,2022-04-23,2022-04-22,136134,957.145165792528
2022-04-23,9,9261,24263,171,85,0,533,2022-04-23,2022-04-22,73065,729.4874426880175
2022-04-23,9,9262,17883,144,45,0,290,2022-04-23,2022-04-22,52415,553.27673375942
2022-04-23,9,9263,16162,130,69,0,430,2022-04-23,2022-04-22,47612,903.1336637822399
2022-04-23,9,9271,44815,280,56,0,629,2022-04-23,2022-04-22,119479,526.4523472744164
2022-04-23,9,9272,31440,216,79,0,451,2022-04-23,2022-04-22,78355,575.5854763576032
2022-04-23,9,9273,44214,158,93,0,1131,2022-04-23,2022-04-22,123390,916.6058837831267
2022-04-23,9,9274,58037,294,186,0,1429,2022-04-23,2022-04-22,161191,886.5259226631761
2022-04-23,9,9275,74546,556,256,1,1399,2022-04-23,2022-04-22,193454,723.1693322443577
2022-04-23,9,9276,31599,252,54,0,369,2022-04-23,2022-04-22,77313,477.2806643125994
2022-04-23,9,9277,47859,343,130,0,863,2022-04-23,2022-04-22,121800,708.5385878489327
2022-04-23,9,9278,40511,193,161,0,1058,2022-04-23,2022-04-22,101745,1039.8545383065507
2022-04-23,9,9279,37403,223,102,4,624,2022-04-23,2022-04-22,97244,641.6848340257496
2022-04-23,9,9361,12782,55,33,0,217,2022-04-23,2022-04-22,42052,516.0277751355464
2022-04-23,9,9362,51536,159,183,0,908,2022-04-23,2022-04-22,152270,596.309187627241
2022-04-23,9,9363,14667,118,50,0,303,2022-04-23,2022-04-22,42535,712.3545315622429
2022-04-23,9,9371,31864,217,158,0,774,2022-04-23,2022-04-22,102998,751.4709023476184
2022-04-23,9,9372,46747,268,136,0,890,2022-04-23,2022-04-22,128094,694.8022545942823
2022-04-23,9,9373,45407,243,189,0,1063,2022-04-23,2022-04-22,135225,786.0972453318543
2022-04-23,9,9374,34997,233,120,0,785,2022-04-23,2022-04-22,94645,829.4151830524592
2022-04-23,9,9375,70568,255,302,0,1411,2022-04-23,2022-04-22,194275,726.2900527602625
2022-04-23,9,9376,53085,278,170,0,883,2022-04-23,2022-04-22,148477,594.7049037898125
2022-04-23,9,9377,25833,301,1,0,564,2022-04-23,2022-04-22,71696,786.6547645614818
2022-04-23,9,9461,22521,146,99,0,660,2022-04-23,2022-04-22,76674,860.7872290476564
2022-04-23,9,9462,23297,160,36,0,280,2022-04-23,2022-04-22,74048,378.133102852204
2022-04-23,9,9463,13949,117,54,0,361,2022-04-23,2022-04-22,40842,883.8940306547182
2022-04-23,9,9464,16365,163,59,0,415,2022-04-23,2022-04-22,45173,918.6903681402607
2022-04-23,9,9471,54095,238,237,0,1650,2022-04-23,2022-04-22,147497,1118.6668203421086
2022-04-23,9,9472,32951,213,37,0,648,2022-04-23,2022-04-22,103679,625.0060282217228
2022-04-23,9,9473,29761,204,148,0,907,2022-04-23,2022-04-22,86571,1047.6949555855886
2022-04-23,9,9474,39657,182,168,1,1058,2022-04-23,2022-04-22,116600,907.3756432247
2022-04-23,9,9475,31571,245,125,0,887,2022-04-23,2022-04-22,94522,938.4058737648379
2022-04-23,9,9476,24543,166,115,1,690,2022-04-23,2022-04-22,66355,1039.8613518197574
2022-04-23,9,9477,23922,155,141,0,839,2022-04-23,2022-04-22,71428,1174.609396875175
2022-04-23,9,9478,24776,163,105,1,697,2022-04-23,2022-04-22,66722,1044.6329546476425
2022-04-23,9,9479,24628,253,92,1,698,2022-04-23,2022-04-22,71974,969.7946480673577
2022-04-23,9,9561,14002,62,31,0,334,2022-04-23,2022-04-22,41681,801.3243444255176
2022-04-23,9,9562,29726,131,123,0,846,2022-04-23,2022-04-22,112385,752.769497708769
2022-04-23,9,9563,43156,306,187,0,1097,2022-04-23,2022-04-22,128223,855.5407376211756
2022-04-23,9,9564,176390,1218,316,2,3310,2022-04-23,2022-04-22,515543,642.0414979933778
2022-04-23,9,9565,13431,135,35,0,358,2022-04-23,2022-04-22,41056,871.9797349961028
2022-04-23,9,9571,63749,260,289,0,1643,2022-04-23,2022-04-22,185316,886.5937102031126
2022-04-23,9,9572,44379,178,149,0,1471,2022-04-23,2022-04-22,138105,1065.1316027660114
2022-04-23,9,9573,38162,273,210,0,1208,2022-04-23,2022-04-22,118695,1017.734529676903
2022-04-23,9,9574,52762,276,180,0,1554,2022-04-23,2022-04-22,171143,908.0125976522556
2022-04-23,9,9575,32722,149,369,0,1404,2022-04-23,2022-04-22,101272,1386.365431708666
2022-04-23,9,9576,42687,230,107,1,1263,2022-04-23,2022-04-22,127168,993.1743834927025
2022-04-23,9,9577,32286,171,90,0,898,2022-04-23,2022-04-22,95117,944.1004236887202
2022-04-23,9,9661,22419,162,115,1,721,2022-04-23,2022-04-22,70858,1017.5280137740269
2022-04-23,9,9662,20393,135,73,0,457,2022-04-23,2022-04-22,53319,857.1053470620229
2022-04-23,9,9663,44882,192,208,0,1251,2022-04-23,2022-04-22,126954,985.39628526868
2022-04-23,9,9671,52982,286,296,0,1939,2022-04-23,2022-04-22,174658,1110.1695885673716
2022-04-23,9,9672,34976,191,203,0,1431,2022-04-23,2022-04-22,103169,1387.0445579583013
2022-04-23,9,9673,28861,144,35,0,791,2022-04-23,2022-04-22,79510,994.8434159225255
2022-04-23,9,9674,31724,146,112,0,753,2022-04-23,2022-04-22,84275,893.5034114506082
2022-04-23,9,9675,30487,130,136,0,959,2022-04-23,2022-04-22,91696,1045.847147094748
2022-04-23,9,9676,43862,209,213,0,1401,2022-04-23,2022-04-22,128743,1088.214504866284
2022-04-23,9,9677,36876,243,264,0,1515,2022-04-23,2022-04-22,125976,1202.6100209563726
2022-04-23,9,9678,42397,213,236,0,1240,2022-04-23,2022-04-22,115652,1072.1820634316744
2022-04-23,9,9679,52137,136,328,0,1898,2022-04-23,2022-04-22,162697,1166.5857391347106
2022-04-23,9,9761,101277,644,135,0,1876,2022-04-23,2022-04-22,295830,634.1479903998918
2022-04-23,9,9762,14933,103,36,1,305,2022-04-23,2022-04-22,44662,682.9071694057589
2022-04-23,9,9763,24248,92,34,4,464,2022-04-23,2022-04-22,68940,673.0490281404119
2022-04-23,9,9764,15595,37,87,0,364,2022-04-23,2022-04-22,44360,820.5590622182146
2022-04-23,9,9771,46022,160,58,0,1201,2022-04-23,2022-04-22,135024,889.4715013627206
2022-04-23,9,9772,85312,406,288,3,2362,2022-04-23,2022-04-22,255900,923.0168034388433
2022-04-23,9,9773,35554,207,109,1,1113,2022-04-23,2022-04-22,97172,1145.3916766146626
2022-04-23,9,9774,45537,198,134,0,726,2022-04-23,2022-04-22,127342,570.118264201913
2022-04-23,9,9775,57092,251,220,4,1356,2022-04-23,2022-04-22,175823,771.2301576016789
2022-04-23,9,9776,27543,101,117,1,626,2022-04-23,2022-04-22,82085,762.6241091551441
2022-04-23,9,9777,51517,249,205,5,1402,2022-04-23,2022-04-22,141907,987.9709950883325
2022-04-23,9,9778,54006,250,316,0,1230,2022-04-23,2022-04-22,146164,841.52048384007
2022-04-23,9,9779,48982,243,149,0,1234,2022-04-23,2022-04-22,134324,918.6742503201215
2022-04-23,9,9780,53428,167,152,1,1213,2022-04-23,2022-04-22,156308,776.031936945006
2022-04-23,10,10041,95679,694,407,1,2449,2022-04-23,2022-04-22,327502,747.7816929362264
2022-04-23,10,10042,30975,132,161,2,995,2022-04-23,2022-04-22,103471,961.6220970126896
2022-04-23,10,10043,38077,201,206,0,1512,2022-04-23,2022-04-22,131172,1152.6850242429787
2022-04-23,10,10044,61056,248,319,2,2190,2022-04-23,2022-04-22,193732,1130.4276010158362
2022-04-23,10,10045,41127,189,183,0,1561,2022-04-23,2022-04-22,141656,1101.9653244479584
2022-04-23,10,10046,25471,151,153,0,1312,2022-04-23,2022-04-22,86458,1517.4998265053553
2022-04-23,11,11001,113822,403,322,1,1733,2022-04-23,2022-04-22,374581,462.6502678993329
2022-04-23,11,11002,88864,200,198,0,1321,2022-04-23,2022-04-22,279210,473.1205902367394
2022-04-23,11,11003,110041,283,279,0,1925,2022-04-23,2022-04-22,404187,476.2646992604908
2022-04-23,11,11004,79621,367,211,0,1432,2022-04-23,2022-04-22,316223,452.84498597508724
2022-04-23,11,11005,65966,314,200,1,756,2022-04-23,2022-04-22,239374,315.8237736763391
2022-04-23,11,11006,68972,470,229,0,1274,2022-04-23,2022-04-22,291915,436.42841238031616
2022-04-23,11,11007,89805,559,228,0,1497,2022-04-23,2022-04-22,341296,438.6221930523651
2022-04-23,11,11008,94636,519,24,0,657,2022-04-23,2022-04-22,318509,206.2736060833446
2022-04-23,11,11009,67444,303,239,1,1113,2022-04-23,2022-04-22,272992,407.70425506974567
2022-04-23,11,11010,62423,328,510,0,1695,2022-04-23,2022-04-22,274076,618.4416001401071
2022-04-23,11,11011,70887,325,215,0,827,2022-04-23,2022-04-22,292005,283.2143285217719
2022-04-23,11,11012,67210,387,178,0,915,2022-04-23,2022-04-22,259720,352.3024795934083
2022-04-23,12,12051,19349,157,33,0,317,2022-04-23,2022-04-22,72040,440.03331482509714
2022-04-23,12,12052,35304,288,136,0,882,2022-04-23,2022-04-22,98693,893.6804028654514
2022-04-23,12,12053,16913,190,58,0,290,2022-04-23,2022-04-22,57015,508.63807769885113
2022-04-23,12,12054,50952,274,181,0,1191,2022-04-23,2022-04-22,182112,653.9931470743279
2022-04-23,12,12060,47514,348,338,0,927,2022-04-23,2022-04-22,187343,494.8143245277379
2022-04-23,12,12061,51968,389,249,0,1086,2022-04-23,2022-04-22,173316,626.6011216506266
2022-04-23,12,12062,35974,389,95,0,675,2022-04-23,2022-04-22,101085,667.7548597714795
2022-04-23,12,12063,41919,264,138,2,643,2022-04-23,2022-04-22,164693,390.4233938297317
2022-04-23,12,12064,55226,376,153,0,785,2022-04-23,2022-04-22,197195,398.08311569765965
2022-04-23,12,12065,58597,402,216,1,1348,2022-04-23,2022-04-22,214234,629.2185180690274
2022-04-23,12,12066,37701,382,0,0,497,2022-04-23,2022-04-21,108396,458.50400383778
2022-04-23,12,12067,56154,460,143,1,1054,2022-04-23,2022-04-22,179276,587.9203016577791
2022-04-23,12,12068,28658,208,78,0,532,2022-04-23,2022-04-22,98808,538.4179418670553
2022-04-23,12,12069,61159,280,153,0,685,2022-04-23,2022-04-22,217954,314.2865008212742
2022-04-23,12,12070,24800,231,105,0,667,2022-04-23,2022-04-22,76096,876.5243902439025
2022-04-23,12,12071,39995,325,143,0,877,2022-04-23,2022-04-22,113011,776.030651883445
2022-04-23,12,12072,51812,321,222,4,1116,2022-04-23,2022-04-22,171554,650.5240332490062
2022-04-23,12,12073,33536,247,56,0,587,2022-04-23,2022-04-22,118250,496.4059196617336
2022-04-23,13,13003,60378,142,328,0,1800,2022-04-23,2022-04-22,209061,860.9927246114771
2022-04-23,13,13004,27187,163,147,0,724,2022-04-23,2022-04-22,95609,757.2508864228263
2022-04-23,13,13071,58373,231,396,0,1712,2022-04-23,2022-04-22,258057,663.4193220877559
2022-04-23,13,13072,68131,309,369,1,2018,2022-04-23,2022-04-22,217072,929.6454632564311
2022-04-23,13,13073,62153,265,317,2,1499,2022-04-23,2022-04-22,225383,665.0900910893901
2022-04-23,13,13074,46111,129,244,0,1508,2022-04-23,2022-04-22,157975,954.5814211109351
2022-04-23,13,13075,70845,497,234,0,1370,2022-04-23,2022-04-22,235773,581.0673826095439
2022-04-23,13,13076,65451,403,322,0,1794,2022-04-23,2022-04-22,211844,846.8495685504427
2022-04-23,14,14511,78403,830,185,4,1306,2022-04-23,2022-04-22,244401,534.3676989865016
2022-04-23,14,14521,127649,1634,243,9,1452,2022-04-23,2022-04-22,331917,437.45876228093164
2022-04-23,14,14522,108718,1007,474,6,1705,2022-04-23,2022-04-22,301474,565.5545751872467
2022-04-23,14,14523,79426,1222,213,0,1136,2022-04-23,2022-04-22,223905,507.3580313079208
2022-04-23,14,14524,109561,1480,237,0,1334,2022-04-23,2022-04-22,312033,427.5188842205792
2022-04-23,14,14612,200508,1681,812,4,3768,2022-04-23,2022-04-22,556227,677.4212686547039
2022-04-23,14,14625,117430,1398,214,0,1576,2022-04-23,2022-04-22,298010,528.8413140498641
2022-04-23,14,14626,86665,1602,295,1,1061,2022-04-23,2022-04-22,250558,423.4548487775286
2022-04-23,14,14627,89914,949,163,0,1544,2022-04-23,2022-04-22,240371,642.3403821592455
2022-04-23,14,14628,98215,1435,246,6,1762,2022-04-23,2022-04-22,244722,720.0006538030908
2022-04-23,14,14713,186012,776,825,0,4602,2022-04-23,2022-04-22,597493,770.2182284980745
2022-04-23,14,14729,91352,530,382,0,1766,2022-04-23,2022-04-22,258386,683.4735628091305
2022-04-23,14,14730,68674,615,285,1,1294,2022-04-23,2022-04-22,197444,655.3757014647191
2022-04-23,15,15001,22805,153,208,0,674,2022-04-23,2022-04-22,79354,849.3585704564358
2022-04-23,15,15002,71503,558,347,1,1935,2022-04-23,2022-04-22,237865,813.4866415824101
2022-04-23,15,15003,60283,214,228,0,1628,2022-04-23,2022-04-22,235775,690.4888134874351
2022-04-23,15,15081,25887,141,168,0,826,2022-04-23,2022-04-22,82687,998.9478394427179
2022-04-23,15,15082,50032,373,228,2,1245,2022-04-23,2022-04-22,157217,791.8990948815967
2022-04-23,15,15083,54836,209,263,0,1521,2022-04-23,2022-04-22,170567,891.7316948765002
2022-04-23,15,15084,62010,860,546,4,2229,2022-04-23,2022-04-22,177590,1255.1382397657526
2022-04-23,15,15085,66314,476,292,3,1358,2022-04-23,2022-04-22,210975,643.6781609195402
2022-04-23,15,15086,27647,201,99,0,584,2022-04-23,2022-04-22,89403,653.221927675805
2022-04-23,15,15087,43996,344,277,0,970,2022-04-23,2022-04-22,133690,725.5591293290448
2022-04-23,15,15088,63369,557,386,1,1699,2022-04-23,2022-04-22,183434,926.2186944623134
2022-04-23,15,15089,56825,435,172,0,990,2022-04-23,2022-04-22,187457,528.1211157758846
2022-04-23,15,15090,32815,270,217,1,950,2022-04-23,2022-04-22,110485,859.8452278589854
2022-04-23,15,15091,39162,413,130,1,654,2022-04-23,2022-04-21,124185,526.6336514071747
2022-04-23,16,16051,62526,480,307,0,2605,2022-04-23,2022-04-22,213692,1219.044231885143
2022-04-23,16,16052,28040,348,47,0,391,2022-04-23,2022-04-22,92126,424.418730868593
2022-04-23,16,16053,33679,140,351,0,853,2022-04-23,2022-04-22,110731,770.335317119867
2022-04-23,16,16054,9995,174,45,0,206,2022-04-23,2022-04-22,36395,566.0118148097266
2022-04-23,16,16055,20833,149,80,0,438,2022-04-23,2022-04-22,65098,672.8317306215245
2022-04-23,16,16061,34434,328,146,0,615,2022-04-23,2022-04-22,99463,618.3203804429788
2022-04-23,16,16062,23424,101,40,0,245,2022-04-23,2022-04-22,82456,297.1281653245367
2022-04-23,16,16063,48830,440,149,1,805,2022-04-23,2022-04-22,159937,503.32318350350454
2022-04-23,16,16064,33117,397,106,0,805,2022-04-23,2022-04-22,101698,791.5593227005447
2022-04-23,16,16065,21582,236,56,0,382,2022-04-23,2022-04-22,73522,519.5723728951879
2022-04-23,16,16066,42228,644,86,0,703,2022-04-23,2022-04-22,124241,565.8357547025539
2022-04-23,16,16067,41884,326,86,0,587,2022-04-23,2022-04-22,134563,436.22689743837464
2022-04-23,16,16068,22492,227,69,0,147,2022-04-23,2022-04-21,69107,212.71361801264706
2022-04-23,16,16069,22825,398,47,1,384,2022-04-23,2022-04-22,62656,612.8702757916241
2022-04-23,16,16070,36607,422,235,1,991,2022-04-23,2022-04-22,105606,938.3936518758403
2022-04-23,16,16071,26261,129,53,0,366,2022-04-23,2022-04-22,82291,444.76309681496156
2022-04-23,16,16072,19644,284,33,0,270,2022-04-23,2022-04-22,57044,473.318841595961
2022-04-23,16,16073,34836,522,155,0,435,2022-04-23,2022-04-22,102139,425.89020844143766
2022-04-23,16,16074,29218,217,65,0,444,2022-04-23,2022-04-22,82816,536.12828438949
2022-04-23,16,16075,28833,315,65,0,229,2022-04-23,2022-04-22,79632,287.5728350411895
2022-04-23,16,16076,28742,352,260,4,1287,2022-04-23,2022-04-22,96668,1331.3609467455622
2022-04-23,16,16077,30192,423,0,0,233,2022-04-23,2022-04-20,88356,263.70591697224864
