AGS,Name,GueltigAb,GueltigBis,Einwohner
00,Bundesgebiet,2020-01-01,2020-10-09,83122535
00,Bundesgebiet,2020-10-10,2021-08-25,83166711
00,Bundesgebiet,2021-08-26,2021-08-26,83148406
00,Bundesgebiet,2021-08-27,2222-12-31,83155031
01,Schleswig-Holstein,2020-01-01,2020-10-07,2896712
01,Schleswig-Holstein,2020-10-08,2021-08-25,2903773
01,Schleswig-Holstein,2021-08-26,2222-12-31,2910875
01001,SK Flensburg,2020-01-01,2020-10-07,89504
01001,SK Flensburg,2020-10-08,2021-08-26,90164
01001,SK Flensburg,2021-08-27,2222-12-31,89934
01002,SK Kiel,2020-01-01,2020-10-07,247548
01002,SK Kiel,2020-10-08,2021-08-26,246794
01002,SK Kiel,2021-08-27,2222-12-31,246601
01003,SK Lübeck,2020-01-01,2020-10-07,217198
01003,SK Lübeck,2020-10-08,2021-08-26,216530
01003,SK Lübeck,2021-08-27,2222-12-31,215846
01004,SK Neumünster,2020-01-01,2020-10-07,79487
01004,SK Neumünster,2020-10-08,2021-08-26,80196
01004,SK Neumünster,2021-08-27,2222-12-31,79905
01051,LK Dithmarschen,2020-01-01,2020-10-07,133210
01051,LK Dithmarschen,2020-10-08,2021-08-26,133193
01051,LK Dithmarschen,2021-08-27,2222-12-31,133251
01053,LK Herzogtum Lauenburg,2020-01-01,2020-10-07,197264
01053,LK Herzogtum Lauenburg,2020-10-08,2021-08-26,198019
01053,LK Herzogtum Lauenburg,2021-08-27,2222-12-31,199152
01054,LK Nordfriesland,2020-01-01,2020-10-07,165507
01054,LK Nordfriesland,2020-10-08,2021-08-26,165951
01054,LK Nordfriesland,2021-08-27,2222-12-31,167147
01055,LK Ostholstein,2020-01-01,2020-10-07,200581
01055,LK Ostholstein,2020-10-08,2021-08-26,200539
01055,LK Ostholstein,2021-08-27,2222-12-31,201487
01056,LK Pinneberg,2020-01-01,2020-10-07,314391
01056,LK Pinneberg,2020-10-08,2021-08-26,316103
01056,LK Pinneberg,2021-08-27,2222-12-31,317085
01057,LK Plön,2020-01-01,2020-10-07,128647
01057,LK Plön,2020-10-08,2021-08-26,128686
01057,LK Plön,2021-08-27,2222-12-31,129353
01058,LK Rendsburg-Eckernförde,2020-01-01,2020-10-07,272775
01058,LK Rendsburg-Eckernförde,2020-10-08,2021-08-26,274098
01058,LK Rendsburg-Eckernförde,2021-08-27,2222-12-31,274765
01059,LK Schleswig-Flensburg,2020-01-01,2020-10-07,200025
01059,LK Schleswig-Flensburg,2020-10-08,2021-08-26,201156
01059,LK Schleswig-Flensburg,2021-08-27,2222-12-31,202647
01060,LK Segeberg,2020-01-01,2020-10-07,276032
01060,LK Segeberg,2020-10-08,2021-08-26,277175
01060,LK Segeberg,2021-08-27,2222-12-31,278007
01061,LK Steinburg,2020-01-01,2020-10-07,131347
01061,LK Steinburg,2020-10-08,2021-08-26,131013
01061,LK Steinburg,2021-08-27,2222-12-31,130706
01062,LK Stormarn,2020-01-01,2020-10-07,243196
01062,LK Stormarn,2020-10-08,2021-08-26,244156
01062,LK Stormarn,2021-08-27,2222-12-31,244989
02,Hamburg,2020-01-01,2020-10-07,1841179
02,Hamburg,2020-10-08,2021-08-25,1847253
02,Hamburg,2021-08-26,2222-12-31,1852478
02000,SK Hamburg,2020-01-01,2020-10-07,1841179
02000,SK Hamburg,2020-10-08,2021-08-26,1847253
02000,SK Hamburg,2021-08-27,2222-12-31,1852478
03,Niedersachsen,2020-01-01,2020-10-07,7982448
03,Niedersachsen,2020-10-08,2021-08-25,7993608
03,Niedersachsen,2021-08-26,2222-12-31,8003421
03101,SK Braunschweig,2020-01-01,2020-10-07,248292
03101,SK Braunschweig,2020-10-08,2021-08-26,249406
03101,SK Braunschweig,2021-08-27,2222-12-31,248561
03102,SK Salzgitter,2020-01-01,2020-10-07,104948
03102,SK Salzgitter,2020-10-08,2021-08-26,104291
03102,SK Salzgitter,2021-08-27,2222-12-31,103866
03103,SK Wolfsburg,2020-01-01,2020-10-07,124151
03103,SK Wolfsburg,2020-10-08,2021-08-26,124371
03103,SK Wolfsburg,2021-08-27,2222-12-31,123840
03151,LK Gifhorn,2020-01-01,2020-10-07,175920
03151,LK Gifhorn,2020-10-08,2021-08-26,176523
03151,LK Gifhorn,2021-08-27,2222-12-31,177227
03153,LK Goslar,2020-01-01,2020-10-07,137014
03153,LK Goslar,2020-10-08,2021-08-26,136292
03153,LK Goslar,2021-08-27,2222-12-31,134688
03154,LK Helmstedt,2020-01-01,2020-10-07,91307
03154,LK Helmstedt,2020-10-08,2021-08-26,91297
03154,LK Helmstedt,2021-08-27,2222-12-31,91518
03155,LK Northeim,2020-01-01,2020-10-07,132765
03155,LK Northeim,2020-10-08,2021-08-26,132285
03155,LK Northeim,2021-08-27,2222-12-31,131772
03157,LK Peine,2020-01-01,2020-10-07,133965
03157,LK Peine,2020-10-08,2021-08-26,134801
03157,LK Peine,2021-08-27,2222-12-31,135844
03158,LK Wolfenbüttel,2020-01-01,2020-10-07,119960
03158,LK Wolfenbüttel,2020-10-08,2021-08-26,119622
03158,LK Wolfenbüttel,2021-08-27,2222-12-31,119361
03159,LK Göttingen,2020-01-01,2020-10-07,328074
03159,LK Göttingen,2020-10-08,2021-08-26,326041
03159,LK Göttingen,2021-08-27,2222-12-31,323900
03241,Region Hannover,2020-01-01,2020-10-07,1157624
03241,Region Hannover,2020-10-08,2021-08-26,1157115
03241,Region Hannover,2021-08-27,2222-12-31,1155330
03251,LK Diepholz,2020-01-01,2020-10-07,216886
03251,LK Diepholz,2020-10-08,2021-08-26,217089
03251,LK Diepholz,2021-08-27,2222-12-31,218072
03252,LK Hameln-Pyrmont,2020-01-01,2020-10-07,148559
03252,LK Hameln-Pyrmont,2020-10-08,2021-08-26,148549
03252,LK Hameln-Pyrmont,2021-08-27,2222-12-31,148580
03254,LK Hildesheim,2020-01-01,2020-10-07,276594
03254,LK Hildesheim,2020-10-08,2021-08-26,275817
03254,LK Hildesheim,2021-08-27,2222-12-31,275464
03255,LK Holzminden,2020-01-01,2020-10-07,70975
03255,LK Holzminden,2020-10-08,2021-08-26,70458
03255,LK Holzminden,2021-08-27,2222-12-31,70207
03256,LK Nienburg (Weser),2020-01-01,2020-10-07,121386
03256,LK Nienburg (Weser),2020-10-08,2021-08-26,121390
03256,LK Nienburg (Weser),2021-08-27,2222-12-31,121645
03257,LK Schaumburg,2020-01-01,2020-10-07,157781
03257,LK Schaumburg,2020-10-08,2021-08-26,157820
03257,LK Schaumburg,2021-08-27,2222-12-31,158406
03351,LK Celle,2020-01-01,2020-10-07,178936
03351,LK Celle,2020-10-08,2021-08-26,179011
03351,LK Celle,2021-08-27,2222-12-31,179386
03352,LK Cuxhaven,2020-01-01,2020-10-07,198213
03352,LK Cuxhaven,2020-10-08,2021-08-26,198038
03352,LK Cuxhaven,2021-08-27,2222-12-31,198826
03353,LK Harburg,2020-01-01,2020-10-07,252776
03353,LK Harburg,2020-10-08,2021-08-26,254431
03353,LK Harburg,2021-08-27,2222-12-31,256016
03354,LK Lüchow-Dannenberg,2020-01-01,2020-10-07,48424
03354,LK Lüchow-Dannenberg,2020-10-08,2021-08-26,48412
03354,LK Lüchow-Dannenberg,2021-08-27,2222-12-31,48503
03355,LK Lüneburg,2020-01-01,2020-10-07,183372
03355,LK Lüneburg,2020-10-08,2021-08-26,184139
03355,LK Lüneburg,2021-08-27,2222-12-31,184235
03356,LK Osterholz,2020-01-01,2020-10-07,113517
03356,LK Osterholz,2020-10-08,2021-08-26,113928
03356,LK Osterholz,2021-08-27,2222-12-31,114640
03357,LK Rotenburg (Wümme),2020-01-01,2020-10-07,163455
03357,LK Rotenburg (Wümme),2020-10-08,2021-08-26,163782
03357,LK Rotenburg (Wümme),2021-08-27,2222-12-31,164486
03358,LK Heidekreis,2020-01-01,2020-10-07,139755
03358,LK Heidekreis,2020-10-08,2021-08-26,140673
03358,LK Heidekreis,2021-08-27,2222-12-31,140885
03359,LK Stade,2020-01-01,2020-10-07,203102
03359,LK Stade,2020-10-08,2021-08-26,204512
03359,LK Stade,2021-08-27,2222-12-31,205357
03360,LK Uelzen,2020-01-01,2020-10-07,92572
03360,LK Uelzen,2020-10-08,2021-08-26,92389
03360,LK Uelzen,2021-08-27,2222-12-31,92566
03361,LK Verden,2020-01-01,2020-10-07,136792
03361,LK Verden,2020-10-08,2021-08-26,137133
03361,LK Verden,2021-08-27,2222-12-31,137574
03401,SK Delmenhorst,2020-01-01,2020-10-07,77607
03401,SK Delmenhorst,2020-10-08,2021-08-26,77559
03401,SK Delmenhorst,2021-08-27,2222-12-31,77503
03402,SK Emden,2020-01-01,2020-10-07,50195
03402,SK Emden,2020-10-08,2021-08-26,49913
03402,SK Emden,2021-08-27,2222-12-31,49874
03403,SK Oldenburg,2020-01-01,2020-10-07,168210
03403,SK Oldenburg,2020-10-08,2021-08-26,169077
03403,SK Oldenburg,2021-08-27,2222-12-31,169605
03404,SK Osnabrück,2020-01-01,2020-10-07,164748
03404,SK Osnabrück,2020-10-08,2021-08-26,165251
03404,SK Osnabrück,2021-08-27,2222-12-31,164223
03405,SK Wilhelmshaven,2020-01-01,2020-10-07,76278
03405,SK Wilhelmshaven,2020-10-08,2021-08-26,76089
03405,SK Wilhelmshaven,2021-08-27,2222-12-31,75189
03451,LK Ammerland,2020-01-01,2020-10-07,124071
03451,LK Ammerland,2020-10-08,2021-08-26,124859
03451,LK Ammerland,2021-08-27,2222-12-31,125643
03452,LK Aurich,2020-01-01,2020-10-07,189848
03452,LK Aurich,2020-10-08,2021-08-26,189694
03452,LK Aurich,2021-08-27,2222-12-31,190178
03453,LK Cloppenburg,2020-01-01,2020-10-07,169348
03453,LK Cloppenburg,2020-10-08,2021-08-26,170682
03453,LK Cloppenburg,2021-08-27,2222-12-31,172632
03454,LK Emsland,2020-01-01,2020-10-07,325657
03454,LK Emsland,2020-10-08,2021-08-26,326954
03454,LK Emsland,2021-08-27,2222-12-31,328930
03455,LK Friesland,2020-01-01,2020-10-07,98460
03455,LK Friesland,2020-10-08,2021-08-26,98704
03455,LK Friesland,2021-08-27,2222-12-31,98971
03456,LK Grafschaft Bentheim,2020-01-01,2020-10-07,136511
03456,LK Grafschaft Bentheim,2020-10-08,2021-08-26,137162
03456,LK Grafschaft Bentheim,2021-08-27,2222-12-31,137891
03457,LK Leer,2020-01-01,2020-10-07,169809
03457,LK Leer,2020-10-08,2021-08-26,170756
03457,LK Leer,2021-08-27,2222-12-31,171483
03458,LK Oldenburg,2020-01-01,2020-10-07,130144
03458,LK Oldenburg,2020-10-08,2021-08-26,130890
03458,LK Oldenburg,2021-08-27,2222-12-31,131467
03459,LK Osnabrück,2020-01-01,2020-10-07,357343
03459,LK Osnabrück,2020-10-08,2021-08-26,358080
03459,LK Osnabrück,2021-08-27,2222-12-31,359471
03460,LK Vechta,2020-01-01,2020-10-07,141598
03460,LK Vechta,2020-10-08,2021-08-26,142814
03460,LK Vechta,2021-08-27,2222-12-31,143698
03461,LK Wesermarsch,2020-01-01,2020-10-07,88624
03461,LK Wesermarsch,2020-10-08,2021-08-26,88583
03461,LK Wesermarsch,2021-08-27,2222-12-31,88524
03462,LK Wittmund,2020-01-01,2020-10-07,56882
03462,LK Wittmund,2020-10-08,2021-08-26,56926
03462,LK Wittmund,2021-08-27,2222-12-31,57384
04,Bremen,2020-01-01,2020-10-07,682986
04,Bremen,2020-10-08,2021-08-25,681202
04,Bremen,2021-08-26,2222-12-31,680130
04011,SK Bremen,2020-01-01,2020-10-07,569352
04011,SK Bremen,2020-10-08,2021-08-26,567559
04011,SK Bremen,2021-08-27,2222-12-31,566573
04012,SK Bremerhaven,2020-01-01,2020-10-07,113634
04012,SK Bremerhaven,2020-10-08,2021-08-26,113643
04012,SK Bremerhaven,2021-08-27,2222-12-31,113557
05,Nordrhein-Westfalen,2020-01-01,2020-10-07,17932651
05,Nordrhein-Westfalen,2020-10-08,2021-08-25,17947221
05,Nordrhein-Westfalen,2021-08-26,2222-12-31,17925570
05111,SK Düsseldorf,2020-01-01,2020-10-07,619294
05111,SK Düsseldorf,2020-10-08,2021-08-26,621877
05111,SK Düsseldorf,2021-08-27,2222-12-31,620523
05112,SK Duisburg,2020-01-01,2020-10-07,498590
05112,SK Duisburg,2020-10-08,2021-08-26,498686
05112,SK Duisburg,2021-08-27,2222-12-31,495885
05113,SK Essen,2020-01-01,2020-10-07,583109
05113,SK Essen,2020-10-08,2021-08-26,582760
05113,SK Essen,2021-08-27,2222-12-31,582415
05114,SK Krefeld,2020-01-01,2020-10-07,227020
05114,SK Krefeld,2020-10-08,2021-08-26,227417
05114,SK Krefeld,2021-08-27,2222-12-31,226844
05116,SK Mönchengladbach,2020-01-01,2020-10-07,261454
05116,SK Mönchengladbach,2020-10-08,2021-08-26,261034
05116,SK Mönchengladbach,2021-08-27,2222-12-31,259665
05117,SK Mülheim a.d.Ruhr,2020-01-01,2020-10-07,170880
05117,SK Mülheim a.d.Ruhr,2020-10-08,2021-08-26,170632
05117,SK Mülheim a.d.Ruhr,2021-08-27,2222-12-31,170921
05119,SK Oberhausen,2020-01-01,2020-10-07,210829
05119,SK Oberhausen,2020-10-08,2021-08-26,210764
05119,SK Oberhausen,2021-08-27,2222-12-31,209566
05120,SK Remscheid,2020-01-01,2020-10-07,110994
05120,SK Remscheid,2020-10-08,2021-08-26,111338
05120,SK Remscheid,2021-08-27,2222-12-31,111516
05122,SK Solingen,2020-01-01,2020-10-07,159360
05122,SK Solingen,2020-10-08,2021-08-26,159245
05122,SK Solingen,2021-08-27,2222-12-31,159193
05124,SK Wuppertal,2020-01-01,2020-10-07,354382
05124,SK Wuppertal,2020-10-08,2021-08-26,355100
05124,SK Wuppertal,2021-08-27,2222-12-31,355004
05154,LK Kleve,2020-01-01,2020-10-07,310974
05154,LK Kleve,2020-10-08,2021-08-26,312465
05154,LK Kleve,2021-08-27,2222-12-31,313586
05158,LK Mettmann,2020-01-01,2020-10-07,485684
05158,LK Mettmann,2020-10-08,2021-08-26,485570
05158,LK Mettmann,2021-08-27,2222-12-31,484322
05162,LK Rhein-Kreis Neuss,2020-01-01,2020-10-07,451007
05162,LK Rhein-Kreis Neuss,2020-10-08,2021-08-26,451730
05162,LK Rhein-Kreis Neuss,2021-08-27,2222-12-31,452001
05166,LK Viersen,2020-01-01,2020-10-07,298935
05166,LK Viersen,2020-10-08,2021-08-26,298863
05166,LK Viersen,2021-08-27,2222-12-31,298536
05170,LK Wesel,2020-01-01,2020-10-07,459809
05170,LK Wesel,2020-10-08,2021-08-26,459976
05170,LK Wesel,2021-08-27,2222-12-31,460113
05314,SK Bonn,2020-01-01,2020-10-07,327258
05314,SK Bonn,2020-10-08,2021-08-26,329673
05314,SK Bonn,2021-08-27,2222-12-31,330579
05315,SK Köln,2020-01-01,2020-10-07,1085664
05315,SK Köln,2020-10-08,2021-08-26,1087863
05315,SK Köln,2021-08-27,2222-12-31,1083498
05316,SK Leverkusen,2020-01-01,2020-10-07,163838
05316,SK Leverkusen,2020-10-08,2021-08-26,163729
05316,SK Leverkusen,2021-08-27,2222-12-31,163905
05334,StadtRegion Aachen,2020-01-01,2020-10-07,555465
05334,StadtRegion Aachen,2020-10-08,2021-08-26,557026
05334,StadtRegion Aachen,2021-08-27,2222-12-31,556631
05358,LK Düren,2020-01-01,2020-10-07,263722
05358,LK Düren,2020-10-08,2021-08-26,264638
05358,LK Düren,2021-08-27,2222-12-31,265140
05362,LK Rhein-Erft-Kreis,2020-01-01,2020-10-07,470089
05362,LK Rhein-Erft-Kreis,2020-10-08,2021-08-26,470615
05362,LK Rhein-Erft-Kreis,2021-08-27,2222-12-31,469611
05366,LK Euskirchen,2020-01-01,2020-10-07,192840
05366,LK Euskirchen,2020-10-08,2021-08-26,193656
05366,LK Euskirchen,2021-08-27,2222-12-31,194359
05370,LK Heinsberg,2020-01-01,2020-10-07,254322
05370,LK Heinsberg,2020-10-08,2021-08-26,255555
05370,LK Heinsberg,2021-08-27,2222-12-31,256458
05374,LK Oberbergischer Kreis,2020-01-01,2020-10-07,272471
05374,LK Oberbergischer Kreis,2020-10-08,2021-08-26,272057
05374,LK Oberbergischer Kreis,2021-08-27,2222-12-31,271699
05378,LK Rheinisch-Bergischer Kreis,2020-01-01,2020-10-07,283455
05378,LK Rheinisch-Bergischer Kreis,2020-10-08,2021-08-26,283271
05378,LK Rheinisch-Bergischer Kreis,2021-08-27,2222-12-31,283275
05382,LK Rhein-Sieg-Kreis,2020-01-01,2020-10-07,599780
05382,LK Rhein-Sieg-Kreis,2020-10-08,2021-08-26,600764
05382,LK Rhein-Sieg-Kreis,2021-08-27,2222-12-31,600375
05512,SK Bottrop,2020-01-01,2020-10-07,117383
05512,SK Bottrop,2020-10-08,2021-08-26,117565
05512,SK Bottrop,2021-08-27,2222-12-31,117388
05513,SK Gelsenkirchen,2020-01-01,2020-10-07,260654
05513,SK Gelsenkirchen,2020-10-08,2021-08-26,259645
05513,SK Gelsenkirchen,2021-08-27,2222-12-31,259105
05515,SK Münster,2020-01-01,2020-10-07,314319
05515,SK Münster,2020-10-08,2021-08-26,315293
05515,SK Münster,2021-08-27,2222-12-31,316403
05554,LK Borken,2020-01-01,2020-10-07,370676
05554,LK Borken,2020-10-08,2021-08-26,371339
05554,LK Borken,2021-08-27,2222-12-31,371898
05558,LK Coesfeld,2020-01-01,2020-10-07,219929
05558,LK Coesfeld,2020-10-08,2021-08-26,220586
05558,LK Coesfeld,2021-08-27,2222-12-31,220712
05562,LK Recklinghausen,2020-01-01,2020-10-07,615261
05562,LK Recklinghausen,2020-10-08,2021-08-26,614137
05562,LK Recklinghausen,2021-08-27,2222-12-31,613599
05566,LK Steinfurt,2020-01-01,2020-10-07,447614
05566,LK Steinfurt,2020-10-08,2021-08-26,448220
05566,LK Steinfurt,2021-08-27,2222-12-31,448197
05570,LK Warendorf,2020-01-01,2020-10-07,277783
05570,LK Warendorf,2020-10-08,2021-08-26,277840
05570,LK Warendorf,2021-08-27,2222-12-31,277417
05711,SK Bielefeld,2020-01-01,2020-10-07,333786
05711,SK Bielefeld,2020-10-08,2021-08-26,334195
05711,SK Bielefeld,2021-08-27,2222-12-31,333509
05754,LK Gütersloh,2020-01-01,2020-10-07,364083
05754,LK Gütersloh,2020-10-08,2021-08-26,364938
05754,LK Gütersloh,2021-08-27,2222-12-31,364818
05758,LK Herford,2020-01-01,2020-10-07,250783
05758,LK Herford,2020-10-08,2021-08-26,250578
05758,LK Herford,2021-08-27,2222-12-31,250547
05762,LK Höxter,2020-01-01,2020-10-07,140667
05762,LK Höxter,2020-10-08,2021-08-26,140251
05762,LK Höxter,2021-08-27,2222-12-31,139729
05766,LK Lippe,2020-01-01,2020-10-07,348391
05766,LK Lippe,2020-10-08,2021-08-26,347514
05766,LK Lippe,2021-08-27,2222-12-31,346970
05770,LK Minden-Lübbecke,2020-01-01,2020-10-07,310710
05770,LK Minden-Lübbecke,2020-10-08,2021-08-26,310409
05770,LK Minden-Lübbecke,2021-08-27,2222-12-31,310270
05774,LK Paderborn,2020-01-01,2020-10-07,306890
05774,LK Paderborn,2020-10-08,2021-08-26,307839
05774,LK Paderborn,2021-08-27,2222-12-31,308335
05911,SK Bochum,2020-01-01,2020-10-07,364628
05911,SK Bochum,2020-10-08,2021-08-26,365587
05911,SK Bochum,2021-08-27,2222-12-31,364454
05913,SK Dortmund,2020-01-01,2020-10-07,587010
05913,SK Dortmund,2020-10-08,2021-08-26,588250
05913,SK Dortmund,2021-08-27,2222-12-31,587696
05914,SK Hagen,2020-01-01,2020-10-07,188814
05914,SK Hagen,2020-10-08,2021-08-26,188686
05914,SK Hagen,2021-08-27,2222-12-31,188687
05915,SK Hamm,2020-01-01,2020-10-07,179111
05915,SK Hamm,2020-10-08,2021-08-26,179916
05915,SK Hamm,2021-08-27,2222-12-31,178967
05916,SK Herne,2020-01-01,2020-10-07,156374
05916,SK Herne,2020-10-08,2021-08-26,156449
05916,SK Herne,2021-08-27,2222-12-31,156940
05954,LK Ennepe-Ruhr-Kreis,2020-01-01,2020-10-07,324296
05954,LK Ennepe-Ruhr-Kreis,2020-10-08,2021-08-26,324106
05954,LK Ennepe-Ruhr-Kreis,2021-08-27,2222-12-31,323130
05958,LK Hochsauerlandkreis,2020-01-01,2020-10-07,260475
05958,LK Hochsauerlandkreis,2020-10-08,2021-08-26,259777
05958,LK Hochsauerlandkreis,2021-08-27,2222-12-31,259030
05962,LK Märkischer Kreis,2020-01-01,2020-10-07,412120
05962,LK Märkischer Kreis,2020-10-08,2021-08-26,410222
05962,LK Märkischer Kreis,2021-08-27,2222-12-31,408662
05966,LK Olpe,2020-01-01,2020-10-07,134775
05966,LK Olpe,2020-10-08,2021-08-26,133955
05966,LK Olpe,2021-08-27,2222-12-31,133362
05970,LK Siegen-Wittgenstein,2020-01-01,2020-10-07,278210
05970,LK Siegen-Wittgenstein,2020-10-08,2021-08-26,276944
05970,LK Siegen-Wittgenstein,2021-08-27,2222-12-31,275491
05974,LK Soest,2020-01-01,2020-10-07,301902
05974,LK Soest,2020-10-08,2021-08-26,301785
05974,LK Soest,2021-08-27,2222-12-31,301016
05978,LK Unna,2020-01-01,2020-10-07,394782
05978,LK Unna,2020-10-08,2021-08-26,394891
05978,LK Unna,2021-08-27,2222-12-31,393618
06,Hessen,2020-01-01,2020-10-07,6265809
06,Hessen,2020-10-08,2021-08-25,6288080
06,Hessen,2021-08-26,2222-12-31,6293154
06411,SK Darmstadt,2020-01-01,2020-10-07,159207
06411,SK Darmstadt,2020-10-08,2021-08-26,159878
06411,SK Darmstadt,2021-08-27,2222-12-31,159174
06412,SK Frankfurt am Main,2020-01-01,2020-10-07,753056
06412,SK Frankfurt am Main,2020-10-08,2021-08-26,763380
06412,SK Frankfurt am Main,2021-08-27,2222-12-31,764104
06413,SK Offenbach,2020-01-01,2020-10-07,128744
06413,SK Offenbach,2020-10-08,2021-08-26,130280
06413,SK Offenbach,2021-08-27,2222-12-31,130892
06414,SK Wiesbaden,2020-01-01,2020-10-07,278342
06414,SK Wiesbaden,2020-10-08,2021-08-26,278474
06414,SK Wiesbaden,2021-08-27,2222-12-31,278609
06431,LK Bergstraße,2020-01-01,2020-10-07,269694
06431,LK Bergstraße,2020-10-08,2021-08-26,270340
06431,LK Bergstraße,2021-08-27,2222-12-31,271015
06432,LK Darmstadt-Dieburg,2020-01-01,2020-10-07,297399
06432,LK Darmstadt-Dieburg,2020-10-08,2021-08-26,297844
06432,LK Darmstadt-Dieburg,2021-08-27,2222-12-31,297701
06433,LK Groß-Gerau,2020-01-01,2020-10-07,274526
06433,LK Groß-Gerau,2020-10-08,2021-08-26,275726
06433,LK Groß-Gerau,2021-08-27,2222-12-31,275807
06434,LK Hochtaunuskreis,2020-01-01,2020-10-07,236564
06434,LK Hochtaunuskreis,2020-10-08,2021-08-26,236914
06434,LK Hochtaunuskreis,2021-08-27,2222-12-31,237281
06435,LK Main-Kinzig-Kreis,2020-01-01,2020-10-07,418950
06435,LK Main-Kinzig-Kreis,2020-10-08,2021-08-26,420552
06435,LK Main-Kinzig-Kreis,2021-08-27,2222-12-31,421689
06436,LK Main-Taunus-Kreis,2020-01-01,2020-10-07,237735
06436,LK Main-Taunus-Kreis,2020-10-08,2021-08-26,238558
06436,LK Main-Taunus-Kreis,2021-08-27,2222-12-31,239264
06437,LK Odenwaldkreis,2020-01-01,2020-10-07,96798
06437,LK Odenwaldkreis,2020-10-08,2021-08-26,96703
06437,LK Odenwaldkreis,2021-08-27,2222-12-31,96754
06438,LK Offenbach,2020-01-01,2020-10-07,354092
06438,LK Offenbach,2020-10-08,2021-08-26,355813
06438,LK Offenbach,2021-08-27,2222-12-31,356542
06439,LK Rheingau-Taunus-Kreis,2020-01-01,2020-10-07,187157
06439,LK Rheingau-Taunus-Kreis,2020-10-08,2021-08-26,187160
06439,LK Rheingau-Taunus-Kreis,2021-08-27,2222-12-31,187433
06440,LK Wetteraukreis,2020-01-01,2020-10-07,306460
06440,LK Wetteraukreis,2020-10-08,2021-08-26,308339
06440,LK Wetteraukreis,2021-08-27,2222-12-31,310353
06531,LK Gießen,2020-01-01,2020-10-07,268876
06531,LK Gießen,2020-10-08,2021-08-26,270688
06531,LK Gießen,2021-08-27,2222-12-31,271667
06532,LK Lahn-Dill-Kreis,2020-01-01,2020-10-07,253777
06532,LK Lahn-Dill-Kreis,2020-10-08,2021-08-26,253319
06532,LK Lahn-Dill-Kreis,2021-08-27,2222-12-31,253373
06533,LK Limburg-Weilburg,2020-01-01,2020-10-07,172083
06533,LK Limburg-Weilburg,2020-10-08,2021-08-26,171912
06533,LK Limburg-Weilburg,2021-08-27,2222-12-31,172291
06534,LK Marburg-Biedenkopf,2020-01-01,2020-10-07,246648
06534,LK Marburg-Biedenkopf,2020-10-08,2021-08-26,247084
06534,LK Marburg-Biedenkopf,2021-08-27,2222-12-31,245903
06535,LK Vogelsbergkreis,2020-01-01,2020-10-07,105878
06535,LK Vogelsbergkreis,2020-10-08,2021-08-26,105643
06535,LK Vogelsbergkreis,2021-08-27,2222-12-31,105506
06611,SK Kassel,2020-01-01,2020-10-07,201585
06611,SK Kassel,2020-10-08,2021-08-26,202137
06611,SK Kassel,2021-08-27,2222-12-31,201048
06631,LK Fulda,2020-01-01,2020-10-07,222584
06631,LK Fulda,2020-10-08,2021-08-26,223145
06631,LK Fulda,2021-08-27,2222-12-31,223023
06632,LK Hersfeld-Rotenburg,2020-01-01,2020-10-07,120829
06632,LK Hersfeld-Rotenburg,2020-10-08,2021-08-26,120719
06632,LK Hersfeld-Rotenburg,2021-08-27,2222-12-31,120304
06633,LK Kassel,2020-01-01,2020-10-07,236633
06633,LK Kassel,2020-10-08,2021-08-26,236764
06633,LK Kassel,2021-08-27,2222-12-31,237007
06634,LK Schwalm-Eder-Kreis,2020-01-01,2020-10-07,180222
06634,LK Schwalm-Eder-Kreis,2020-10-08,2021-08-26,179673
06634,LK Schwalm-Eder-Kreis,2021-08-27,2222-12-31,179840
06635,LK Waldeck-Frankenberg,2020-01-01,2020-10-07,156953
06635,LK Waldeck-Frankenberg,2020-10-08,2021-08-26,156406
06635,LK Waldeck-Frankenberg,2021-08-27,2222-12-31,156528
06636,LK Werra-Meißner-Kreis,2020-01-01,2020-10-07,101017
06636,LK Werra-Meißner-Kreis,2020-10-08,2021-08-26,100629
06636,LK Werra-Meißner-Kreis,2021-08-27,2222-12-31,100046
07,Rheinland-Pfalz,2020-01-01,2020-10-07,4084844
07,Rheinland-Pfalz,2020-10-08,2021-08-25,4093903
07,Rheinland-Pfalz,2021-08-26,2222-12-31,4098391
07111,SK Koblenz,2020-01-01,2020-10-07,114024
07111,SK Koblenz,2020-10-08,2021-08-26,114052
07111,SK Koblenz,2021-08-27,2222-12-31,113388
07131,LK Ahrweiler,2020-01-01,2020-10-07,129727
07131,LK Ahrweiler,2020-10-08,2021-08-26,130086
07131,LK Ahrweiler,2021-08-27,2222-12-31,130479
07132,LK Altenkirchen,2020-01-01,2020-10-07,128705
07132,LK Altenkirchen,2020-10-08,2021-08-26,128805
07132,LK Altenkirchen,2021-08-27,2222-12-31,129087
07133,LK Bad Kreuznach,2020-01-01,2020-10-07,158080
07133,LK Bad Kreuznach,2020-10-08,2021-08-26,158345
07133,LK Bad Kreuznach,2021-08-27,2222-12-31,158746
07134,LK Birkenfeld,2020-01-01,2020-10-07,80720
07134,LK Birkenfeld,2020-10-08,2021-08-26,80951
07134,LK Birkenfeld,2021-08-27,2222-12-31,80830
07135,LK Cochem-Zell,2020-01-01,2020-10-07,61587
07135,LK Cochem-Zell,2020-10-08,2021-08-26,61375
07135,LK Cochem-Zell,2021-08-27,2222-12-31,61578
07137,LK Mayen-Koblenz,2020-01-01,2020-10-07,214259
07137,LK Mayen-Koblenz,2020-10-08,2021-08-26,214434
07137,LK Mayen-Koblenz,2021-08-27,2222-12-31,214786
07138,LK Neuwied,2020-01-01,2020-10-07,181941
07138,LK Neuwied,2020-10-08,2021-08-26,182811
07138,LK Neuwied,2021-08-27,2222-12-31,183131
07140,LK Rhein-Hunsrück-Kreis,2020-01-01,2020-10-07,102937
07140,LK Rhein-Hunsrück-Kreis,2020-10-08,2021-08-26,103163
07140,LK Rhein-Hunsrück-Kreis,2021-08-27,2222-12-31,103401
07141,LK Rhein-Lahn-Kreis,2020-01-01,2020-10-07,122308
07141,LK Rhein-Lahn-Kreis,2020-10-08,2021-08-26,122297
07141,LK Rhein-Lahn-Kreis,2021-08-27,2222-12-31,122574
07143,LK Westerwaldkreis,2020-01-01,2020-10-07,201597
07143,LK Westerwaldkreis,2020-10-08,2021-08-26,201904
07143,LK Westerwaldkreis,2021-08-27,2222-12-31,202830
07211,SK Trier,2020-01-01,2020-10-07,110636
07211,SK Trier,2020-10-08,2021-08-26,111528
07211,SK Trier,2021-08-27,2222-12-31,110674
07231,LK Bernkastel-Wittlich,2020-01-01,2020-10-07,112262
07231,LK Bernkastel-Wittlich,2020-10-08,2021-08-26,112483
07231,LK Bernkastel-Wittlich,2021-08-27,2222-12-31,112685
07232,LK Bitburg-Prüm,2020-01-01,2020-10-07,98561
07232,LK Bitburg-Prüm,2020-10-08,2021-08-26,99058
07232,LK Bitburg-Prüm,2021-08-27,2222-12-31,100055
07233,LK Vulkaneifel,2020-01-01,2020-10-07,60603
07233,LK Vulkaneifel,2020-10-08,2021-08-26,60646
07233,LK Vulkaneifel,2021-08-27,2222-12-31,60491
07235,LK Trier-Saarburg,2020-01-01,2020-10-07,148945
07235,LK Trier-Saarburg,2020-10-08,2021-08-26,149398
07235,LK Trier-Saarburg,2021-08-27,2222-12-31,150533
07311,SK Frankenthal,2020-01-01,2020-10-07,48561
07311,SK Frankenthal,2020-10-08,2021-08-26,48762
07311,SK Frankenthal,2021-08-27,2222-12-31,48750
07312,SK Kaiserslautern,2020-01-01,2020-10-07,99845
07312,SK Kaiserslautern,2020-10-08,2021-08-26,100030
07312,SK Kaiserslautern,2021-08-27,2222-12-31,99662
07313,SK Landau i.d.Pfalz,2020-01-01,2020-10-07,46677
07313,SK Landau i.d.Pfalz,2020-10-08,2021-08-26,46881
07313,SK Landau i.d.Pfalz,2021-08-27,2222-12-31,46685
07314,SK Ludwigshafen,2020-01-01,2020-10-07,171061
07314,SK Ludwigshafen,2020-10-08,2021-08-26,172253
07314,SK Ludwigshafen,2021-08-27,2222-12-31,172557
07315,SK Mainz,2020-01-01,2020-10-07,217118
07315,SK Mainz,2020-10-08,2021-08-26,218578
07315,SK Mainz,2021-08-27,2222-12-31,217123
07316,SK Neustadt a.d.Weinstraße,2020-01-01,2020-10-07,53148
07316,SK Neustadt a.d.Weinstraße,2020-10-08,2021-08-26,53264
07316,SK Neustadt a.d.Weinstraße,2021-08-27,2222-12-31,53306
07317,SK Pirmasens,2020-01-01,2020-10-07,40403
07317,SK Pirmasens,2020-10-08,2021-08-26,40231
07317,SK Pirmasens,2021-08-27,2222-12-31,40176
07318,SK Speyer,2020-01-01,2020-10-07,50378
07318,SK Speyer,2020-10-08,2021-08-26,50561
07318,SK Speyer,2021-08-27,2222-12-31,50741
07319,SK Worms,2020-01-01,2020-10-07,83330
07319,SK Worms,2020-10-08,2021-08-26,83542
07319,SK Worms,2021-08-27,2222-12-31,83459
07320,SK Zweibrücken,2020-01-01,2020-10-07,34209
07320,SK Zweibrücken,2020-10-08,2021-08-26,34193
07320,SK Zweibrücken,2021-08-27,2222-12-31,34001
07331,LK Alzey-Worms,2020-01-01,2020-10-07,129244
07331,LK Alzey-Worms,2020-10-08,2021-08-26,129687
07331,LK Alzey-Worms,2021-08-27,2222-12-31,130715
07332,LK Bad Dürkheim,2020-01-01,2020-10-07,132660
07332,LK Bad Dürkheim,2020-10-08,2021-08-26,132671
07332,LK Bad Dürkheim,2021-08-27,2222-12-31,133004
07333,LK Donnersbergkreis,2020-01-01,2020-10-07,75101
07333,LK Donnersbergkreis,2020-10-08,2021-08-26,75325
07333,LK Donnersbergkreis,2021-08-27,2222-12-31,75539
07334,LK Germersheim,2020-01-01,2020-10-07,129075
07334,LK Germersheim,2020-10-08,2021-08-26,129013
07334,LK Germersheim,2021-08-27,2222-12-31,129006
07335,LK Kaiserslautern,2020-01-01,2020-10-07,106057
07335,LK Kaiserslautern,2020-10-08,2021-08-26,105979
07335,LK Kaiserslautern,2021-08-27,2222-12-31,106320
07336,LK Kusel,2020-01-01,2020-10-07,70526
07336,LK Kusel,2020-10-08,2021-08-26,70219
07336,LK Kusel,2021-08-27,2222-12-31,70105
07337,LK Südliche Weinstraße,2020-01-01,2020-10-07,110356
07337,LK Südliche Weinstraße,2020-10-08,2021-08-26,110521
07337,LK Südliche Weinstraße,2021-08-27,2222-12-31,110783
07338,LK Rhein-Pfalz-Kreis,2020-01-01,2020-10-07,154201
07338,LK Rhein-Pfalz-Kreis,2020-10-08,2021-08-26,154609
07338,LK Rhein-Pfalz-Kreis,2021-08-27,2222-12-31,154754
07339,LK Mainz-Bingen,2020-01-01,2020-10-07,210889
07339,LK Mainz-Bingen,2020-10-08,2021-08-26,211417
07339,LK Mainz-Bingen,2021-08-27,2222-12-31,211525
07340,LK Südwestpfalz,2020-01-01,2020-10-07,95113
07340,LK Südwestpfalz,2020-10-08,2021-08-26,94831
07340,LK Südwestpfalz,2021-08-27,2222-12-31,94912
08,Baden-Württemberg,2020-01-01,2020-10-07,11069533
08,Baden-Württemberg,2020-10-08,2021-08-25,11100394
08,Baden-Württemberg,2021-08-26,2222-12-31,11103043
08111,SK Stuttgart,2020-01-01,2020-10-07,634830
08111,SK Stuttgart,2020-10-08,2021-08-26,635911
08111,SK Stuttgart,2021-08-27,2222-12-31,630305
08115,LK Böblingen,2020-01-01,2020-10-07,391640
08115,LK Böblingen,2020-10-08,2021-08-26,392807
08115,LK Böblingen,2021-08-27,2222-12-31,392898
08116,LK Esslingen,2020-01-01,2020-10-07,533859
08116,LK Esslingen,2020-10-08,2021-08-26,535024
08116,LK Esslingen,2021-08-27,2222-12-31,533617
08117,LK Göppingen,2020-01-01,2020-10-07,257253
08117,LK Göppingen,2020-10-08,2021-08-26,258145
08117,LK Göppingen,2021-08-27,2222-12-31,258781
08118,LK Ludwigsburg,2020-01-01,2020-10-07,543984
08118,LK Ludwigsburg,2020-10-08,2021-08-26,545423
08118,LK Ludwigsburg,2021-08-27,2222-12-31,544971
08119,LK Rems-Murr-Kreis,2020-01-01,2020-10-07,426158
08119,LK Rems-Murr-Kreis,2020-10-08,2021-08-26,427248
08119,LK Rems-Murr-Kreis,2021-08-27,2222-12-31,427286
08121,SK Heilbronn,2020-01-01,2020-10-07,125960
08121,SK Heilbronn,2020-10-08,2021-08-26,126592
08121,SK Heilbronn,2021-08-27,2222-12-31,126458
08125,LK Heilbronn,2020-01-01,2020-10-07,343068
08125,LK Heilbronn,2020-10-08,2021-08-26,344456
08125,LK Heilbronn,2021-08-27,2222-12-31,346363
08126,LK Hohenlohekreis,2020-01-01,2020-10-07,112010
08126,LK Hohenlohekreis,2020-10-08,2021-08-26,112655
08126,LK Hohenlohekreis,2021-08-27,2222-12-31,112765
08127,LK Schwäbisch Hall,2020-01-01,2020-10-07,195861
08127,LK Schwäbisch Hall,2020-10-08,2021-08-26,196761
08127,LK Schwäbisch Hall,2021-08-27,2222-12-31,197860
08128,LK Main-Tauber-Kreis,2020-01-01,2020-10-07,132321
08128,LK Main-Tauber-Kreis,2020-10-08,2021-08-26,132399
08128,LK Main-Tauber-Kreis,2021-08-27,2222-12-31,132684
08135,LK Heidenheim,2020-01-01,2020-10-07,132472
08135,LK Heidenheim,2020-10-08,2021-08-26,132777
08135,LK Heidenheim,2021-08-27,2222-12-31,132812
08136,LK Ostalbkreis,2020-01-01,2020-10-07,314002
08136,LK Ostalbkreis,2020-10-08,2021-08-26,314025
08136,LK Ostalbkreis,2021-08-27,2222-12-31,314294
08211,SK Baden-Baden,2020-01-01,2020-10-07,55123
08211,SK Baden-Baden,2020-10-08,2021-08-26,55185
08211,SK Baden-Baden,2021-08-27,2222-12-31,55449
08212,SK Karlsruhe,2020-01-01,2020-10-07,313092
08212,SK Karlsruhe,2020-10-08,2021-08-26,312060
08212,SK Karlsruhe,2021-08-27,2222-12-31,308436
08215,LK Karlsruhe,2020-01-01,2020-10-07,444232
08215,LK Karlsruhe,2020-10-08,2021-08-26,445101
08215,LK Karlsruhe,2021-08-27,2222-12-31,446852
08216,LK Rastatt,2020-01-01,2020-10-07,231018
08216,LK Rastatt,2020-10-08,2021-08-26,231420
08216,LK Rastatt,2021-08-27,2222-12-31,232091
08221,SK Heidelberg,2020-01-01,2020-10-07,160355
08221,SK Heidelberg,2020-10-08,2021-08-26,161485
08221,SK Heidelberg,2021-08-27,2222-12-31,158741
08222,SK Mannheim,2020-01-01,2020-10-07,309370
08222,SK Mannheim,2020-10-08,2021-08-26,310658
08222,SK Mannheim,2021-08-27,2222-12-31,309721
08225,LK Neckar-Odenwald-Kreis,2020-01-01,2020-10-07,143535
08225,LK Neckar-Odenwald-Kreis,2020-10-08,2021-08-26,143633
08225,LK Neckar-Odenwald-Kreis,2021-08-27,2222-12-31,143797
08226,LK Rhein-Neckar-Kreis,2020-01-01,2020-10-07,547625
08226,LK Rhein-Neckar-Kreis,2020-10-08,2021-08-26,548355
08226,LK Rhein-Neckar-Kreis,2021-08-27,2222-12-31,548233
08231,SK Pforzheim,2020-01-01,2020-10-07,125542
08231,SK Pforzheim,2020-10-08,2021-08-26,125957
08231,SK Pforzheim,2021-08-27,2222-12-31,126016
08235,LK Calw,2020-01-01,2020-10-07,158397
08235,LK Calw,2020-10-08,2021-08-26,159201
08235,LK Calw,2021-08-27,2222-12-31,160149
08236,LK Enzkreis,2020-01-01,2020-10-07,198905
08236,LK Enzkreis,2020-10-08,2021-08-26,199556
08236,LK Enzkreis,2021-08-27,2222-12-31,199752
08237,LK Freudenstadt,2020-01-01,2020-10-07,117935
08237,LK Freudenstadt,2020-10-08,2021-08-26,118243
08237,LK Freudenstadt,2021-08-27,2222-12-31,118364
08311,SK Freiburg i.Breisgau,2020-01-01,2020-10-07,230241
08311,SK Freiburg i.Breisgau,2020-10-08,2021-08-26,231195
08311,SK Freiburg i.Breisgau,2021-08-27,2222-12-31,230940
08315,LK Breisgau-Hochschwarzwald,2020-01-01,2020-10-07,262795
08315,LK Breisgau-Hochschwarzwald,2020-10-08,2021-08-26,263601
08315,LK Breisgau-Hochschwarzwald,2021-08-27,2222-12-31,264867
08316,LK Emmendingen,2020-01-01,2020-10-07,165383
08316,LK Emmendingen,2020-10-08,2021-08-26,166408
08316,LK Emmendingen,2021-08-27,2222-12-31,166862
08317,LK Ortenaukreis,2020-01-01,2020-10-07,429479
08317,LK Ortenaukreis,2020-10-08,2021-08-26,430953
08317,LK Ortenaukreis,2021-08-27,2222-12-31,432580
08325,LK Rottweil,2020-01-01,2020-10-07,139455
08325,LK Rottweil,2020-10-08,2021-08-26,139878
08325,LK Rottweil,2021-08-27,2222-12-31,140166
08326,LK Schwarzwald-Baar-Kreis,2020-01-01,2020-10-07,212381
08326,LK Schwarzwald-Baar-Kreis,2020-10-08,2021-08-26,212506
08326,LK Schwarzwald-Baar-Kreis,2021-08-27,2222-12-31,212872
08327,LK Tuttlingen,2020-01-01,2020-10-07,140152
08327,LK Tuttlingen,2020-10-08,2021-08-26,140766
08327,LK Tuttlingen,2021-08-27,2222-12-31,141682
08335,LK Konstanz,2020-01-01,2020-10-07,285325
08335,LK Konstanz,2020-10-08,2021-08-26,286305
08335,LK Konstanz,2021-08-27,2222-12-31,286876
08336,LK Lörrach,2020-01-01,2020-10-07,228639
08336,LK Lörrach,2020-10-08,2021-08-26,228736
08336,LK Lörrach,2021-08-27,2222-12-31,228842
08337,LK Waldshut,2020-01-01,2020-10-07,170619
08337,LK Waldshut,2020-10-08,2021-08-26,171003
08337,LK Waldshut,2021-08-27,2222-12-31,171237
08415,LK Reutlingen,2020-01-01,2020-10-07,286748
08415,LK Reutlingen,2020-10-08,2021-08-26,287034
08415,LK Reutlingen,2021-08-27,2222-12-31,287497
08416,LK Tübingen,2020-01-01,2020-10-07,227331
08416,LK Tübingen,2020-10-08,2021-08-26,228678
08416,LK Tübingen,2021-08-27,2222-12-31,228471
08417,LK Zollernalbkreis,2020-01-01,2020-10-07,188935
08417,LK Zollernalbkreis,2020-10-08,2021-08-26,189363
08417,LK Zollernalbkreis,2021-08-27,2222-12-31,189862
08421,SK Ulm,2020-01-01,2020-10-07,126329
08421,SK Ulm,2020-10-08,2021-08-26,126790
08421,SK Ulm,2021-08-27,2222-12-31,126405
08425,LK Alb-Donau-Kreis,2020-01-01,2020-10-07,196047
08425,LK Alb-Donau-Kreis,2020-10-08,2021-08-26,197076
08425,LK Alb-Donau-Kreis,2021-08-27,2222-12-31,198204
08426,LK Biberach,2020-01-01,2020-10-07,199742
08426,LK Biberach,2020-10-08,2021-08-26,201282
08426,LK Biberach,2021-08-27,2222-12-31,202250
08435,LK Bodenseekreis,2020-01-01,2020-10-07,216227
08435,LK Bodenseekreis,2020-10-08,2021-08-26,217470
08435,LK Bodenseekreis,2021-08-27,2222-12-31,217901
08436,LK Ravensburg,2020-01-01,2020-10-07,284285
08436,LK Ravensburg,2020-10-08,2021-08-26,285424
08436,LK Ravensburg,2021-08-27,2222-12-31,285888
08437,LK Sigmaringen,2020-01-01,2020-10-07,130873
08437,LK Sigmaringen,2020-10-08,2021-08-26,130849
08437,LK Sigmaringen,2021-08-27,2222-12-31,130946
09,Bayern,2020-01-01,2020-10-07,13076721
09,Bayern,2020-10-08,2021-08-25,13124737
09,Bayern,2021-08-26,2222-12-31,13140183
09161,SK Ingolstadt,2020-01-01,2020-10-07,136981
09161,SK Ingolstadt,2020-10-08,2021-08-26,137392
09161,SK Ingolstadt,2021-08-27,2222-12-31,136952
09162,SK München,2020-01-01,2020-10-07,1471508
09162,SK München,2020-10-08,2021-08-26,1484226
09162,SK München,2021-08-27,2222-12-31,1488202
09163,SK Rosenheim,2020-01-01,2020-10-07,63324
09163,SK Rosenheim,2020-10-08,2021-08-26,63551
09163,SK Rosenheim,2021-08-27,2222-12-31,63591
09171,LK Altötting,2020-01-01,2020-10-07,111210
09171,LK Altötting,2020-10-08,2021-08-26,111516
09171,LK Altötting,2021-08-27,2222-12-31,111654
09172,LK Berchtesgadener Land,2020-01-01,2020-10-07,105722
09172,LK Berchtesgadener Land,2020-10-08,2021-08-26,105929
09172,LK Berchtesgadener Land,2021-08-27,2222-12-31,106327
09173,LK Bad Tölz-Wolfratshausen,2020-01-01,2020-10-07,127227
09173,LK Bad Tölz-Wolfratshausen,2020-10-08,2021-08-26,127917
09173,LK Bad Tölz-Wolfratshausen,2021-08-27,2222-12-31,128212
09174,LK Dachau,2020-01-01,2020-10-07,153884
09174,LK Dachau,2020-10-08,2021-08-26,154899
09174,LK Dachau,2021-08-27,2222-12-31,155117
09175,LK Ebersberg,2020-01-01,2020-10-07,142142
09175,LK Ebersberg,2020-10-08,2021-08-26,143649
09175,LK Ebersberg,2021-08-27,2222-12-31,144091
09176,LK Eichstätt,2020-01-01,2020-10-07,132341
09176,LK Eichstätt,2020-10-08,2021-08-26,132881
09176,LK Eichstätt,2021-08-27,2222-12-31,133169
09177,LK Erding,2020-01-01,2020-10-07,137660
09177,LK Erding,2020-10-08,2021-08-26,138182
09177,LK Erding,2021-08-27,2222-12-31,138891
09178,LK Freising,2020-01-01,2020-10-07,179116
09178,LK Freising,2020-10-08,2021-08-26,180007
09178,LK Freising,2021-08-27,2222-12-31,180313
09179,LK Fürstenfeldbruck,2020-01-01,2020-10-07,219320
09179,LK Fürstenfeldbruck,2020-10-08,2021-08-26,219311
09179,LK Fürstenfeldbruck,2021-08-27,2222-12-31,218740
09180,LK Garmisch-Partenkirchen,2020-01-01,2020-10-07,88467
09180,LK Garmisch-Partenkirchen,2020-10-08,2021-08-26,88424
09180,LK Garmisch-Partenkirchen,2021-08-27,2222-12-31,88279
09181,LK Landsberg a.Lech,2020-01-01,2020-10-07,120071
09181,LK Landsberg a.Lech,2020-10-08,2021-08-26,120302
09181,LK Landsberg a.Lech,2021-08-27,2222-12-31,121019
09182,LK Miesbach,2020-01-01,2020-10-07,99726
09182,LK Miesbach,2020-10-08,2021-08-26,100010
09182,LK Miesbach,2021-08-27,2222-12-31,100183
09183,LK Mühldorf a.Inn,2020-01-01,2020-10-07,115250
09183,LK Mühldorf a.Inn,2020-10-08,2021-08-26,115872
09183,LK Mühldorf a.Inn,2021-08-27,2222-12-31,116483
09184,LK München,2020-01-01,2020-10-07,348871
09184,LK München,2020-10-08,2021-08-26,350473
09184,LK München,2021-08-27,2222-12-31,349685
09185,LK Neuburg-Schrobenhausen,2020-01-01,2020-10-07,96680
09185,LK Neuburg-Schrobenhausen,2020-10-08,2021-08-26,97303
09185,LK Neuburg-Schrobenhausen,2021-08-27,2222-12-31,97730
09186,LK Pfaffenhofen a.d.Ilm,2020-01-01,2020-10-07,127151
09186,LK Pfaffenhofen a.d.Ilm,2020-10-08,2021-08-26,128227
09186,LK Pfaffenhofen a.d.Ilm,2021-08-27,2222-12-31,129128
09187,LK Rosenheim,2020-01-01,2020-10-07,260983
09187,LK Rosenheim,2020-10-08,2021-08-26,261330
09187,LK Rosenheim,2021-08-27,2222-12-31,261721
09188,LK Starnberg,2020-01-01,2020-10-07,136092
09188,LK Starnberg,2020-10-08,2021-08-26,136667
09188,LK Starnberg,2021-08-27,2222-12-31,136610
09189,LK Traunstein,2020-01-01,2020-10-07,177089
09189,LK Traunstein,2020-10-08,2021-08-26,177319
09189,LK Traunstein,2021-08-27,2222-12-31,177485
09190,LK Weilheim-Schongau,2020-01-01,2020-10-07,135348
09190,LK Weilheim-Schongau,2020-10-08,2021-08-26,135478
09190,LK Weilheim-Schongau,2021-08-27,2222-12-31,136134
09261,SK Landshut,2020-01-01,2020-10-07,72404
09261,SK Landshut,2020-10-08,2021-08-26,73411
09261,SK Landshut,2021-08-27,2222-12-31,73065
09262,SK Passau,2020-01-01,2020-10-07,52469
09262,SK Passau,2020-10-08,2021-08-26,52803
09262,SK Passau,2021-08-27,2222-12-31,52415
09263,SK Straubing,2020-01-01,2020-10-07,47794
09263,SK Straubing,2020-10-08,2021-08-26,47791
09263,SK Straubing,2021-08-27,2222-12-31,47612
09271,LK Deggendorf,2020-01-01,2020-10-07,119326
09271,LK Deggendorf,2020-10-08,2021-08-26,119478
09271,LK Deggendorf,2021-08-27,2222-12-31,119479
09272,LK Freyung-Grafenau,2020-01-01,2020-10-07,78355
09272,LK Freyung-Grafenau,2020-10-08,2021-08-26,78362
09272,LK Freyung-Grafenau,2021-08-27,2222-12-31,78355
09273,LK Kelheim,2020-01-01,2020-10-07,122258
09273,LK Kelheim,2020-10-08,2021-08-26,123058
09273,LK Kelheim,2021-08-27,2222-12-31,123390
09274,LK Landshut,2020-01-01,2020-10-07,158698
09274,LK Landshut,2020-10-08,2021-08-26,159895
09274,LK Landshut,2021-08-27,2222-12-31,161191
09275,LK Passau,2020-01-01,2020-10-07,192043
09275,LK Passau,2020-10-08,2021-08-26,192656
09275,LK Passau,2021-08-27,2222-12-31,193454
09276,LK Regen,2020-01-01,2020-10-07,77656
09276,LK Regen,2020-10-08,2021-08-26,77410
09276,LK Regen,2021-08-27,2222-12-31,77313
09277,LK Rottal-Inn,2020-01-01,2020-10-07,120659
09277,LK Rottal-Inn,2020-10-08,2021-08-26,121502
09277,LK Rottal-Inn,2021-08-27,2222-12-31,121800
09278,LK Straubing-Bogen,2020-01-01,2020-10-07,100649
09278,LK Straubing-Bogen,2020-10-08,2021-08-26,101120
09278,LK Straubing-Bogen,2021-08-27,2222-12-31,101745
09279,LK Dingolfing-Landau,2020-01-01,2020-10-07,96217
09279,LK Dingolfing-Landau,2020-10-08,2021-08-26,96683
09279,LK Dingolfing-Landau,2021-08-27,2222-12-31,97244
09361,SK Amberg,2020-01-01,2020-10-07,41970
09361,SK Amberg,2020-10-08,2021-08-26,42207
09361,SK Amberg,2021-08-27,2222-12-31,42052
09362,SK Regensburg,2020-01-01,2020-10-07,152610
09362,SK Regensburg,2020-10-08,2021-08-26,153094
09362,SK Regensburg,2021-08-27,2222-12-31,152270
09363,SK Weiden i.d.OPf.,2020-01-01,2020-10-07,42520
09363,SK Weiden i.d.OPf.,2020-10-08,2021-08-26,42743
09363,SK Weiden i.d.OPf.,2021-08-27,2222-12-31,42535
09371,LK Amberg-Sulzbach,2020-01-01,2020-10-07,103109
09371,LK Amberg-Sulzbach,2020-10-08,2021-08-26,103049
09371,LK Amberg-Sulzbach,2021-08-27,2222-12-31,102998
09372,LK Cham,2020-01-01,2020-10-07,127882
09372,LK Cham,2020-10-08,2021-08-26,127998
09372,LK Cham,2021-08-27,2222-12-31,128094
09373,LK Neumarkt i.d.OPf.,2020-01-01,2020-10-07,133561
09373,LK Neumarkt i.d.OPf.,2020-10-08,2021-08-26,134573
09373,LK Neumarkt i.d.OPf.,2021-08-27,2222-12-31,135225
09374,LK Neustadt a.d.Waldnaab,2020-01-01,2020-10-07,94352
09374,LK Neustadt a.d.Waldnaab,2020-10-08,2021-08-26,94450
09374,LK Neustadt a.d.Waldnaab,2021-08-27,2222-12-31,94645
09375,LK Regensburg,2020-01-01,2020-10-07,193572
09375,LK Regensburg,2020-10-08,2021-08-26,194070
09375,LK Regensburg,2021-08-27,2222-12-31,194275
09376,LK Schwandorf,2020-01-01,2020-10-07,147189
09376,LK Schwandorf,2020-10-08,2021-08-26,147872
09376,LK Schwandorf,2021-08-27,2222-12-31,148477
09377,LK Tirschenreuth,2020-01-01,2020-10-07,72504
09377,LK Tirschenreuth,2020-10-08,2021-08-26,72046
09377,LK Tirschenreuth,2021-08-27,2222-12-31,71696
09461,SK Bamberg,2020-01-01,2020-10-07,77592
09461,SK Bamberg,2020-10-08,2021-08-26,77373
09461,SK Bamberg,2021-08-27,2222-12-31,76674
09462,SK Bayreuth,2020-01-01,2020-10-07,74657
09462,SK Bayreuth,2020-10-08,2021-08-26,74783
09462,SK Bayreuth,2021-08-27,2222-12-31,74048
09463,SK Coburg,2020-01-01,2020-10-07,41249
09463,SK Coburg,2020-10-08,2021-08-26,41072
09463,SK Coburg,2021-08-27,2222-12-31,40842
09464,SK Hof,2020-01-01,2020-10-07,45930
09464,SK Hof,2020-10-08,2021-08-26,45825
09464,SK Hof,2021-08-27,2222-12-31,45173
09471,LK Bamberg,2020-01-01,2020-10-07,147086
09471,LK Bamberg,2020-10-08,2021-08-26,147163
09471,LK Bamberg,2021-08-27,2222-12-31,147497
09472,LK Bayreuth,2020-01-01,2020-10-07,103656
09472,LK Bayreuth,2020-10-08,2021-08-26,103664
09472,LK Bayreuth,2021-08-27,2222-12-31,103679
09473,LK Coburg,2020-01-01,2020-10-07,86906
09473,LK Coburg,2020-10-08,2021-08-26,86747
09473,LK Coburg,2021-08-27,2222-12-31,86571
09474,LK Forchheim,2020-01-01,2020-10-07,116099
09474,LK Forchheim,2020-10-08,2021-08-26,116203
09474,LK Forchheim,2021-08-27,2222-12-31,116600
09475,LK Hof,2020-01-01,2020-10-07,95311
09475,LK Hof,2020-10-08,2021-08-26,94801
09475,LK Hof,2021-08-27,2222-12-31,94522
09476,LK Kronach,2020-01-01,2020-10-07,67135
09476,LK Kronach,2020-10-08,2021-08-26,66743
09476,LK Kronach,2021-08-27,2222-12-31,66355
09477,LK Kulmbach,2020-01-01,2020-10-07,71845
09477,LK Kulmbach,2020-10-08,2021-08-26,71566
09477,LK Kulmbach,2021-08-27,2222-12-31,71428
09478,LK Lichtenfels,2020-01-01,2020-10-07,66838
09478,LK Lichtenfels,2020-10-08,2021-08-26,66776
09478,LK Lichtenfels,2021-08-27,2222-12-31,66722
09479,LK Wunsiedel i.Fichtelgebirge,2020-01-01,2020-10-07,73178
09479,LK Wunsiedel i.Fichtelgebirge,2020-10-08,2021-08-26,72655
09479,LK Wunsiedel i.Fichtelgebirge,2021-08-27,2222-12-31,71974
09561,SK Ansbach,2020-01-01,2020-10-07,41847
09561,SK Ansbach,2020-10-08,2021-08-26,41798
09561,SK Ansbach,2021-08-27,2222-12-31,41681
09562,SK Erlangen,2020-01-01,2020-10-07,111962
09562,SK Erlangen,2020-10-08,2021-08-26,112528
09562,SK Erlangen,2021-08-27,2222-12-31,112385
09563,SK Fürth,2020-01-01,2020-10-07,127748
09563,SK Fürth,2020-10-08,2021-08-26,128497
09563,SK Fürth,2021-08-27,2222-12-31,128223
09564,SK Nürnberg,2020-01-01,2020-10-07,518365
09564,SK Nürnberg,2020-10-08,2021-08-26,518370
09564,SK Nürnberg,2021-08-27,2222-12-31,515543
09565,SK Schwabach,2020-01-01,2020-10-07,40792
09565,SK Schwabach,2020-10-08,2021-08-26,40981
09565,SK Schwabach,2021-08-27,2222-12-31,41056
09571,LK Ansbach,2020-01-01,2020-10-07,183949
09571,LK Ansbach,2020-10-08,2021-08-26,184591
09571,LK Ansbach,2021-08-27,2222-12-31,185316
09572,LK Erlangen-Höchstadt,2020-01-01,2020-10-07,136271
09572,LK Erlangen-Höchstadt,2020-10-08,2021-08-26,137262
09572,LK Erlangen-Höchstadt,2021-08-27,2222-12-31,138105
09573,LK Fürth,2020-01-01,2020-10-07,117387
09573,LK Fürth,2020-10-08,2021-08-26,117853
09573,LK Fürth,2021-08-27,2222-12-31,118695
09574,LK Nürnberger Land,2020-01-01,2020-10-07,170365
09574,LK Nürnberger Land,2020-10-08,2021-08-26,170792
09574,LK Nürnberger Land,2021-08-27,2222-12-31,171143
09575,LK Neustadt a.d.Aisch-Bad Windsheim,2020-01-01,2020-10-07,100364
09575,LK Neustadt a.d.Aisch-Bad Windsheim,2020-10-08,2021-08-26,101014
09575,LK Neustadt a.d.Aisch-Bad Windsheim,2021-08-27,2222-12-31,101272
09576,LK Roth,2020-01-01,2020-10-07,126958
09576,LK Roth,2020-10-08,2021-08-26,126749
09576,LK Roth,2021-08-27,2222-12-31,127168
09577,LK Weißenburg-Gunzenhausen,2020-01-01,2020-10-07,94393
09577,LK Weißenburg-Gunzenhausen,2020-10-08,2021-08-26,94734
09577,LK Weißenburg-Gunzenhausen,2021-08-27,2222-12-31,95117
09661,SK Aschaffenburg,2020-01-01,2020-10-07,70527
09661,SK Aschaffenburg,2020-10-08,2021-08-26,71002
09661,SK Aschaffenburg,2021-08-27,2222-12-31,70858
09662,SK Schweinfurt,2020-01-01,2020-10-07,54032
09662,SK Schweinfurt,2020-10-08,2021-08-26,53426
09662,SK Schweinfurt,2021-08-27,2222-12-31,53319
09663,SK Würzburg,2020-01-01,2020-10-07,127880
09663,SK Würzburg,2020-10-08,2021-08-26,127934
09663,SK Würzburg,2021-08-27,2222-12-31,126954
09671,LK Aschaffenburg,2020-01-01,2020-10-07,174208
09671,LK Aschaffenburg,2020-10-08,2021-08-26,174200
09671,LK Aschaffenburg,2021-08-27,2222-12-31,174658
09672,LK Bad Kissingen,2020-01-01,2020-10-07,103218
09672,LK Bad Kissingen,2020-10-08,2021-08-26,103235
09672,LK Bad Kissingen,2021-08-27,2222-12-31,103169
09673,LK Rhön-Grabfeld,2020-01-01,2020-10-07,79690
09673,LK Rhön-Grabfeld,2020-10-08,2021-08-26,79635
09673,LK Rhön-Grabfeld,2021-08-27,2222-12-31,79510
09674,LK Haßberge,2020-01-01,2020-10-07,84599
09674,LK Haßberge,2020-10-08,2021-08-26,84384
09674,LK Haßberge,2021-08-27,2222-12-31,84275
09675,LK Kitzingen,2020-01-01,2020-10-07,90909
09675,LK Kitzingen,2020-10-08,2021-08-26,91155
09675,LK Kitzingen,2021-08-27,2222-12-31,91696
09676,LK Miltenberg,2020-01-01,2020-10-07,128756
09676,LK Miltenberg,2020-10-08,2021-08-26,128743
09676,LK Miltenberg,2021-08-27,2222-12-31,128743
09677,LK Main-Spessart,2020-01-01,2020-10-07,126365
09677,LK Main-Spessart,2020-10-08,2021-08-26,126158
09677,LK Main-Spessart,2021-08-27,2222-12-31,125976
09678,LK Schweinfurt,2020-01-01,2020-10-07,115106
09678,LK Schweinfurt,2020-10-08,2021-08-26,115445
09678,LK Schweinfurt,2021-08-27,2222-12-31,115652
09679,LK Würzburg,2020-01-01,2020-10-07,161834
09679,LK Würzburg,2020-10-08,2021-08-26,162302
09679,LK Würzburg,2021-08-27,2222-12-31,162697
09761,SK Augsburg,2020-01-01,2020-10-07,295135
09761,SK Augsburg,2020-10-08,2021-08-26,296582
09761,SK Augsburg,2021-08-27,2222-12-31,295830
09762,SK Kaufbeuren,2020-01-01,2020-10-07,43893
09762,SK Kaufbeuren,2020-10-08,2021-08-26,44398
09762,SK Kaufbeuren,2021-08-27,2222-12-31,44662
09763,SK Kempten,2020-01-01,2020-10-07,68907
09763,SK Kempten,2020-10-08,2021-08-26,69151
09763,SK Kempten,2021-08-27,2222-12-31,68940
09764,SK Memmingen,2020-01-01,2020-10-07,43837
09764,SK Memmingen,2020-10-08,2021-08-26,44100
09764,SK Memmingen,2021-08-27,2222-12-31,44360
09771,LK Aichach-Friedberg,2020-01-01,2020-10-07,133596
09771,LK Aichach-Friedberg,2020-10-08,2021-08-26,134655
09771,LK Aichach-Friedberg,2021-08-27,2222-12-31,135024
09772,LK Augsburg,2020-01-01,2020-10-07,251534
09772,LK Augsburg,2020-10-08,2021-08-26,253468
09772,LK Augsburg,2021-08-27,2222-12-31,255900
09773,LK Dillingen a.d.Donau,2020-01-01,2020-10-07,96021
09773,LK Dillingen a.d.Donau,2020-10-08,2021-08-26,96562
09773,LK Dillingen a.d.Donau,2021-08-27,2222-12-31,97172
09774,LK Günzburg,2020-01-01,2020-10-07,125747
09774,LK Günzburg,2020-10-08,2021-08-26,127027
09774,LK Günzburg,2021-08-27,2222-12-31,127342
09775,LK Neu-Ulm,2020-01-01,2020-10-07,174200
09775,LK Neu-Ulm,2020-10-08,2021-08-26,175204
09775,LK Neu-Ulm,2021-08-27,2222-12-31,175823
09776,LK Lindau,2020-01-01,2020-10-07,81669
09776,LK Lindau,2020-10-08,2021-08-26,81981
09776,LK Lindau,2021-08-27,2222-12-31,82085
09777,LK Ostallgäu,2020-01-01,2020-10-07,140316
09777,LK Ostallgäu,2020-10-08,2021-08-26,141182
09777,LK Ostallgäu,2021-08-27,2222-12-31,141907
09778,LK Unterallgäu,2020-01-01,2020-10-07,144041
09778,LK Unterallgäu,2020-10-08,2021-08-26,145341
09778,LK Unterallgäu,2021-08-27,2222-12-31,146164
09779,LK Donau-Ries,2020-01-01,2020-10-07,133496
09779,LK Donau-Ries,2020-10-08,2021-08-26,133783
09779,LK Donau-Ries,2021-08-27,2222-12-31,134324
09780,LK Oberallgäu,2020-01-01,2020-10-07,155362
09780,LK Oberallgäu,2020-10-08,2021-08-26,156008
09780,LK Oberallgäu,2021-08-27,2222-12-31,156308
10,Saarland,2020-01-01,2020-10-07,990509
10,Saarland,2020-10-08,2021-08-25,986887
10,Saarland,2021-08-26,2222-12-31,983991
10041,LK Stadtverband Saarbrücken,2020-01-01,2020-10-07,329708
10041,LK Stadtverband Saarbrücken,2020-10-08,2021-08-26,328714
10041,LK Stadtverband Saarbrücken,2021-08-27,2222-12-31,327502
10042,LK Merzig-Wadern,2020-01-01,2020-10-07,103366
10042,LK Merzig-Wadern,2020-10-08,2021-08-26,103243
10042,LK Merzig-Wadern,2021-08-27,2222-12-31,103471
10043,LK Neunkirchen,2020-01-01,2020-10-07,132206
10043,LK Neunkirchen,2020-10-08,2021-08-26,131408
10043,LK Neunkirchen,2021-08-27,2222-12-31,131172
10044,LK Saarlouis,2020-01-01,2020-10-07,195201
10044,LK Saarlouis,2020-10-08,2021-08-26,194319
10044,LK Saarlouis,2021-08-27,2222-12-31,193732
10045,LK Saarpfalz-Kreis,2020-01-01,2020-10-07,142631
10045,LK Saarpfalz-Kreis,2020-10-08,2021-08-26,142196
10045,LK Saarpfalz-Kreis,2021-08-27,2222-12-31,141656
10046,LK Sankt Wendel,2020-01-01,2020-10-07,87397
10046,LK Sankt Wendel,2020-10-08,2021-08-26,87007
10046,LK Sankt Wendel,2021-08-27,2222-12-31,86458
11,Berlin,2020-01-01,2020-10-07,3748148
11,Berlin,2020-10-08,2021-08-25,3669491
11,Berlin,2021-08-26,2021-08-26,3657463
11,Berlin,2021-08-27,2222-12-31,3664088
11001,SK Berlin Mitte,2020-01-01,2020-10-07,383457
11001,SK Berlin Mitte,2020-10-08,2021-08-26,375238
11001,SK Berlin Mitte,2021-08-27,2222-12-31,374581
11002,SK Berlin Friedrichshain-Kreuzberg,2020-01-01,2020-10-07,289120
11002,SK Berlin Friedrichshain-Kreuzberg,2020-10-08,2021-08-26,282059
11002,SK Berlin Friedrichshain-Kreuzberg,2021-08-27,2222-12-31,279210
11003,SK Berlin Pankow,2020-01-01,2020-10-07,407039
11003,SK Berlin Pankow,2020-10-08,2021-08-26,398036
11003,SK Berlin Pankow,2021-08-27,2222-12-31,404187
11004,SK Berlin Charlottenburg-Wilmersdorf,2020-01-01,2020-10-07,341327
11004,SK Berlin Charlottenburg-Wilmersdorf,2020-10-08,2021-08-26,334401
11004,SK Berlin Charlottenburg-Wilmersdorf,2021-08-27,2222-12-31,316223
11005,SK Berlin Spandau,2020-01-01,2020-10-07,243080
11005,SK Berlin Spandau,2020-10-08,2021-08-26,239019
11005,SK Berlin Spandau,2021-08-27,2222-12-31,239374
11006,SK Berlin Steglitz-Zehlendorf,2020-01-01,2020-10-07,308077
11006,SK Berlin Steglitz-Zehlendorf,2020-10-08,2021-08-26,302177
11006,SK Berlin Steglitz-Zehlendorf,2021-08-27,2222-12-31,291915
11007,SK Berlin Tempelhof-Schöneberg,2020-01-01,2020-10-07,351429
11007,SK Berlin Tempelhof-Schöneberg,2020-10-08,2021-08-26,341772
11007,SK Berlin Tempelhof-Schöneberg,2021-08-27,2222-12-31,341296
11008,SK Berlin Neukölln,2020-01-01,2020-10-07,330786
11008,SK Berlin Neukölln,2020-10-08,2021-08-26,321123
11008,SK Berlin Neukölln,2021-08-27,2222-12-31,318509
11009,SK Berlin Treptow-Köpenick,2020-01-01,2020-10-07,269775
11009,SK Berlin Treptow-Köpenick,2020-10-08,2021-08-26,266488
11009,SK Berlin Treptow-Köpenick,2021-08-27,2222-12-31,272992
11010,SK Berlin Marzahn-Hellersdorf,2020-01-01,2020-10-07,268739
11010,SK Berlin Marzahn-Hellersdorf,2020-10-08,2021-08-26,262967
11010,SK Berlin Marzahn-Hellersdorf,2021-08-27,2222-12-31,274076
11011,SK Berlin Lichtenberg,2020-01-01,2020-10-07,290493
11011,SK Berlin Lichtenberg,2020-10-08,2021-08-26,286522
11011,SK Berlin Lichtenberg,2021-08-27,2222-12-31,292005
11012,SK Berlin Reinickendorf,2020-01-01,2020-10-07,264826
11012,SK Berlin Reinickendorf,2020-10-08,2021-08-26,259689
11012,SK Berlin Reinickendorf,2021-08-27,2222-12-31,259720
12,Brandenburg,2020-01-01,2020-10-07,2511917
12,Brandenburg,2020-10-08,2021-08-25,2521893
12,Brandenburg,2021-08-26,2222-12-31,2531071
12051,SK Brandenburg a.d.Havel,2020-01-01,2020-10-07,72124
12051,SK Brandenburg a.d.Havel,2020-10-08,2021-08-26,72184
12051,SK Brandenburg a.d.Havel,2021-08-27,2222-12-31,72040
12052,SK Cottbus,2020-01-01,2020-10-07,100219
12052,SK Cottbus,2020-10-08,2021-08-26,99678
12052,SK Cottbus,2021-08-27,2222-12-31,98693
12053,SK Frankfurt (Oder),2020-01-01,2020-10-07,57873
12053,SK Frankfurt (Oder),2020-10-08,2021-08-26,57751
12053,SK Frankfurt (Oder),2021-08-27,2222-12-31,57015
12054,SK Potsdam,2020-01-01,2020-10-07,178089
12054,SK Potsdam,2020-10-08,2021-08-26,180334
12054,SK Potsdam,2021-08-27,2222-12-31,182112
12060,LK Barnim,2020-01-01,2020-10-07,182760
12060,LK Barnim,2020-10-08,2021-08-26,185244
12060,LK Barnim,2021-08-27,2222-12-31,187343
12061,LK Dahme-Spreewald,2020-01-01,2020-10-07,169067
12061,LK Dahme-Spreewald,2020-10-08,2021-08-26,170791
12061,LK Dahme-Spreewald,2021-08-27,2222-12-31,173316
12062,LK Elbe-Elster,2020-01-01,2020-10-07,102638
12062,LK Elbe-Elster,2020-10-08,2021-08-26,101827
12062,LK Elbe-Elster,2021-08-27,2222-12-31,101085
12063,LK Havelland,2020-01-01,2020-10-07,161909
12063,LK Havelland,2020-10-08,2021-08-26,162996
12063,LK Havelland,2021-08-27,2222-12-31,164693
12064,LK Märkisch-Oderland,2020-01-01,2020-10-07,194328
12064,LK Märkisch-Oderland,2020-10-08,2021-08-26,195751
12064,LK Märkisch-Oderland,2021-08-27,2222-12-31,197195
12065,LK Oberhavel,2020-01-01,2020-10-07,211249
12065,LK Oberhavel,2020-10-08,2021-08-26,212914
12065,LK Oberhavel,2021-08-27,2222-12-31,214234
12066,LK Oberspreewald-Lausitz,2020-01-01,2020-10-07,110476
12066,LK Oberspreewald-Lausitz,2020-10-08,2021-08-26,109371
12066,LK Oberspreewald-Lausitz,2021-08-27,2222-12-31,108396
12067,LK Oder-Spree,2020-01-01,2020-10-07,178658
12067,LK Oder-Spree,2020-10-08,2021-08-26,178803
12067,LK Oder-Spree,2021-08-27,2222-12-31,179276
12068,LK Ostprignitz-Ruppin,2020-01-01,2020-10-07,99078
12068,LK Ostprignitz-Ruppin,2020-10-08,2021-08-26,98861
12068,LK Ostprignitz-Ruppin,2021-08-27,2222-12-31,98808
12069,LK Potsdam-Mittelmark,2020-01-01,2020-10-07,214664
12069,LK Potsdam-Mittelmark,2020-10-08,2021-08-26,216566
12069,LK Potsdam-Mittelmark,2021-08-27,2222-12-31,217954
12070,LK Prignitz,2020-01-01,2020-10-07,76508
12070,LK Prignitz,2020-10-08,2021-08-26,76158
12070,LK Prignitz,2021-08-27,2222-12-31,76096
12071,LK Spree-Neiße,2020-01-01,2020-10-07,114429
12071,LK Spree-Neiße,2020-10-08,2021-08-26,113720
12071,LK Spree-Neiße,2021-08-27,2222-12-31,113011
12072,LK Teltow-Fläming,2020-01-01,2020-10-07,168296
12072,LK Teltow-Fläming,2020-10-08,2021-08-26,169997
12072,LK Teltow-Fläming,2021-08-27,2222-12-31,171554
12073,LK Uckermark,2020-01-01,2020-10-07,119552
12073,LK Uckermark,2020-10-08,2021-08-26,118947
12073,LK Uckermark,2021-08-27,2222-12-31,118250
13,Mecklenburg-Vorpommern,2020-01-01,2020-10-07,1609675
13,Mecklenburg-Vorpommern,2020-10-08,2021-08-25,1608138
13,Mecklenburg-Vorpommern,2021-08-26,2222-12-31,1610774
13003,SK Rostock,2020-01-01,2020-10-07,208886
13003,SK Rostock,2020-10-08,2021-08-26,209191
13003,SK Rostock,2021-08-27,2222-12-31,209061
13004,SK Schwerin,2020-01-01,2020-10-07,95818
13004,SK Schwerin,2020-10-08,2021-08-26,95653
13004,SK Schwerin,2021-08-27,2222-12-31,95609
13071,LK Mecklenburgische Seenplatte,2020-01-01,2020-10-07,259130
13071,LK Mecklenburgische Seenplatte,2020-10-08,2021-08-26,258074
13071,LK Mecklenburgische Seenplatte,2021-08-27,2222-12-31,258057
13072,LK Rostock,2020-01-01,2020-10-07,215113
13072,LK Rostock,2020-10-08,2021-08-26,215794
13072,LK Rostock,2021-08-27,2222-12-31,217072
13073,LK Vorpommern-Rügen,2020-01-01,2020-10-07,224684
13073,LK Vorpommern-Rügen,2020-10-08,2021-08-26,224702
13073,LK Vorpommern-Rügen,2021-08-27,2222-12-31,225383
13074,LK Nordwestmecklenburg,2020-01-01,2020-10-07,156729
13074,LK Nordwestmecklenburg,2020-10-08,2021-08-26,157322
13074,LK Nordwestmecklenburg,2021-08-27,2222-12-31,157975
13075,LK Vorpommern-Greifswald,2020-01-01,2020-10-07,236697
13075,LK Vorpommern-Greifswald,2020-10-08,2021-08-26,235623
13075,LK Vorpommern-Greifswald,2021-08-27,2222-12-31,235773
13076,LK Ludwigslust-Parchim,2020-01-01,2020-10-07,212618
13076,LK Ludwigslust-Parchim,2020-10-08,2021-08-26,211779
13076,LK Ludwigslust-Parchim,2021-08-27,2222-12-31,211844
14,Sachsen,2020-01-01,2020-10-07,4077937
14,Sachsen,2020-10-08,2021-08-25,4071971
14,Sachsen,2021-08-26,2222-12-31,4056941
14511,SK Chemnitz,2020-01-01,2020-10-07,247237
14511,SK Chemnitz,2020-10-08,2021-08-26,246334
14511,SK Chemnitz,2021-08-27,2222-12-31,244401
14521,LK Erzgebirgskreis,2020-01-01,2020-10-07,337696
14521,LK Erzgebirgskreis,2020-10-08,2021-08-26,334948
14521,LK Erzgebirgskreis,2021-08-27,2222-12-31,331917
14522,LK Mittelsachsen,2020-01-01,2020-10-07,306185
14522,LK Mittelsachsen,2020-10-08,2021-08-26,304099
14522,LK Mittelsachsen,2021-08-27,2222-12-31,301474
14523,LK Vogtlandkreis,2020-01-01,2020-10-07,227796
14523,LK Vogtlandkreis,2020-10-08,2021-08-26,225997
14523,LK Vogtlandkreis,2021-08-27,2222-12-31,223905
14524,LK Zwickau,2020-01-01,2020-10-07,317531
14524,LK Zwickau,2020-10-08,2021-08-26,315002
14524,LK Zwickau,2021-08-27,2222-12-31,312033
14612,SK Dresden,2020-01-01,2020-10-07,554649
14612,SK Dresden,2020-10-08,2021-08-26,556780
14612,SK Dresden,2021-08-27,2222-12-31,556227
14625,LK Bautzen,2020-01-01,2020-10-07,300880
14625,LK Bautzen,2020-10-08,2021-08-26,299758
14625,LK Bautzen,2021-08-27,2222-12-31,298010
14626,LK Görlitz,2020-01-01,2020-10-07,254894
14626,LK Görlitz,2020-10-08,2021-08-26,252725
14626,LK Görlitz,2021-08-27,2222-12-31,250558
14627,LK Meißen,2020-01-01,2020-10-07,242165
14627,LK Meißen,2020-10-08,2021-08-26,241717
14627,LK Meißen,2021-08-27,2222-12-31,240371
14628,LK Sächsische Schweiz-Osterzgebirge,2020-01-01,2020-10-07,245611
14628,LK Sächsische Schweiz-Osterzgebirge,2020-10-08,2021-08-26,245586
14628,LK Sächsische Schweiz-Osterzgebirge,2021-08-27,2222-12-31,244722
14713,SK Leipzig,2020-01-01,2020-10-07,587857
14713,SK Leipzig,2020-10-08,2021-08-26,593145
14713,SK Leipzig,2021-08-27,2222-12-31,597493
14729,LK Leipzig,2020-01-01,2020-10-07,257763
14729,LK Leipzig,2020-10-08,2021-08-26,258139
14729,LK Leipzig,2021-08-27,2222-12-31,258386
14730,LK Nordsachsen,2020-01-01,2020-10-07,197673
14730,LK Nordsachsen,2020-10-08,2021-08-26,197741
14730,LK Nordsachsen,2021-08-27,2222-12-31,197444
15,Sachsen-Anhalt,2020-01-01,2020-10-07,2208321
15,Sachsen-Anhalt,2020-10-08,2021-08-25,2194782
15,Sachsen-Anhalt,2021-08-26,2222-12-31,2180684
15001,SK Dessau-Roßlau,2020-01-01,2020-10-07,81237
15001,SK Dessau-Roßlau,2020-10-08,2021-08-26,80103
15001,SK Dessau-Roßlau,2021-08-27,2222-12-31,79354
15002,SK Halle,2020-01-01,2020-10-07,239257
15002,SK Halle,2020-10-08,2021-08-26,238762
15002,SK Halle,2021-08-27,2222-12-31,237865
15003,SK Magdeburg,2020-01-01,2020-10-07,238697
15003,SK Magdeburg,2020-10-08,2021-08-26,237565
15003,SK Magdeburg,2021-08-27,2222-12-31,235775
15081,LK Altmarkkreis Salzwedel,2020-01-01,2020-10-07,83765
15081,LK Altmarkkreis Salzwedel,2020-10-08,2021-08-26,83173
15081,LK Altmarkkreis Salzwedel,2021-08-27,2222-12-31,82687
15082,LK Anhalt-Bitterfeld,2020-01-01,2020-10-07,159854
15082,LK Anhalt-Bitterfeld,2020-10-08,2021-08-26,158486
15082,LK Anhalt-Bitterfeld,2021-08-27,2222-12-31,157217
15083,LK Börde,2020-01-01,2020-10-07,171734
15083,LK Börde,2020-10-08,2021-08-26,170923
15083,LK Börde,2021-08-27,2222-12-31,170567
15084,LK Burgenlandkreis,2020-01-01,2020-10-07,180190
15084,LK Burgenlandkreis,2020-10-08,2021-08-26,178846
15084,LK Burgenlandkreis,2021-08-27,2222-12-31,177590
15085,LK Harz,2020-01-01,2020-10-07,214446
15085,LK Harz,2020-10-08,2021-08-26,213310
15085,LK Harz,2021-08-27,2222-12-31,210975
15086,LK Jerichower Land,2020-01-01,2020-10-07,89928
15086,LK Jerichower Land,2020-10-08,2021-08-26,89589
15086,LK Jerichower Land,2021-08-27,2222-12-31,89403
15087,LK Mansfeld-Südharz,2020-01-01,2020-10-07,136249
15087,LK Mansfeld-Südharz,2020-10-08,2021-08-26,134942
15087,LK Mansfeld-Südharz,2021-08-27,2222-12-31,133690
15088,LK Saalekreis,2020-01-01,2020-10-07,184582
15088,LK Saalekreis,2020-10-08,2021-08-26,183815
15088,LK Saalekreis,2021-08-27,2222-12-31,183434
15089,LK Salzlandkreis,2020-01-01,2020-10-07,190560
15089,LK Salzlandkreis,2020-10-08,2021-08-26,189125
15089,LK Salzlandkreis,2021-08-27,2222-12-31,187457
15090,LK Stendal,2020-01-01,2020-10-07,111982
15090,LK Stendal,2020-10-08,2021-08-26,111190
15090,LK Stendal,2021-08-27,2222-12-31,110485
15091,LK Wittenberg,2020-01-01,2020-10-07,125840
15091,LK Wittenberg,2020-10-08,2021-08-26,124953
15091,LK Wittenberg,2021-08-27,2222-12-31,124185
16,Thüringen,2020-01-01,2020-10-07,2143145
16,Thüringen,2020-10-08,2021-08-25,2133378
16,Thüringen,2021-08-26,2222-12-31,2120237
16051,SK Erfurt,2020-01-01,2020-10-07,213699
16051,SK Erfurt,2020-10-08,2021-08-26,213981
16051,SK Erfurt,2021-08-27,2222-12-31,213692
16052,SK Gera,2020-01-01,2020-10-07,94152
16052,SK Gera,2020-10-08,2021-08-26,93125
16052,SK Gera,2021-08-27,2222-12-31,92126
16053,SK Jena,2020-01-01,2020-10-07,111407
16053,SK Jena,2020-10-08,2021-08-26,111343
16053,SK Jena,2021-08-27,2222-12-31,110731
16054,SK Suhl,2020-01-01,2020-10-07,34835
16054,SK Suhl,2020-10-08,2021-08-26,36789
16054,SK Suhl,2021-08-27,2222-12-31,36395
16055,SK Weimar,2020-01-01,2020-10-07,65090
16055,SK Weimar,2020-10-08,2021-08-26,65228
16055,SK Weimar,2021-08-27,2222-12-31,65098
16056,SK Eisenach,2020-01-01,2020-10-07,42370
16056,SK Eisenach,2020-10-08,2021-07-13,42250
16061,LK Eichsfeld,2020-01-01,2020-10-07,100380
16061,LK Eichsfeld,2020-10-08,2021-08-26,100006
16061,LK Eichsfeld,2021-08-27,2222-12-31,99463
16062,LK Nordhausen,2020-01-01,2020-10-07,83822
16062,LK Nordhausen,2020-10-08,2021-08-26,83416
16062,LK Nordhausen,2021-08-27,2222-12-31,82456
16063,LK Wartburgkreis,2020-01-01,2020-10-07,123025
16063,LK Wartburgkreis,2020-10-08,2021-07-13,118974
16063,LK Wartburgkreis,2021-07-14,2021-08-26,161224
16063,LK Wartburgkreis,2021-08-27,2222-12-31,159937
16064,LK Unstrut-Hainich-Kreis,2020-01-01,2020-10-07,102912
16064,LK Unstrut-Hainich-Kreis,2020-10-08,2021-08-26,102232
16064,LK Unstrut-Hainich-Kreis,2021-08-27,2222-12-31,101698
16065,LK Kyffhäuserkreis,2020-01-01,2020-10-07,75009
16065,LK Kyffhäuserkreis,2020-10-08,2021-08-26,74212
16065,LK Kyffhäuserkreis,2021-08-27,2222-12-31,73522
16066,LK Schmalkalden-Meiningen,2020-01-01,2020-10-07,122347
16066,LK Schmalkalden-Meiningen,2020-10-08,2021-08-26,124916
16066,LK Schmalkalden-Meiningen,2021-08-27,2222-12-31,124241
16067,LK Gotha,2020-01-01,2020-10-07,135452
16067,LK Gotha,2020-10-08,2021-08-26,134908
16067,LK Gotha,2021-08-27,2222-12-31,134563
16068,LK Sömmerda,2020-01-01,2020-10-07,69655
16068,LK Sömmerda,2020-10-08,2021-08-26,69427
16068,LK Sömmerda,2021-08-27,2222-12-31,69107
16069,LK Hildburghausen,2020-01-01,2020-10-07,63553
16069,LK Hildburghausen,2020-10-08,2021-08-26,63197
16069,LK Hildburghausen,2021-08-27,2222-12-31,62656
16070,LK Ilm-Kreis,2020-01-01,2020-10-07,108742
16070,LK Ilm-Kreis,2020-10-08,2021-08-26,106249
16070,LK Ilm-Kreis,2021-08-27,2222-12-31,105606
16071,LK Weimarer Land,2020-01-01,2020-10-07,81947
16071,LK Weimarer Land,2020-10-08,2021-08-26,82156
16071,LK Weimarer Land,2021-08-27,2222-12-31,82291
16072,LK Sonneberg,2020-01-01,2020-10-07,56196
16072,LK Sonneberg,2020-10-08,2021-08-26,57717
16072,LK Sonneberg,2021-08-27,2222-12-31,57044
16073,LK Saalfeld-Rudolstadt,2020-01-01,2020-10-07,106356
16073,LK Saalfeld-Rudolstadt,2020-10-08,2021-08-26,103199
16073,LK Saalfeld-Rudolstadt,2021-08-27,2222-12-31,102139
16074,LK Saale-Holzland-Kreis,2020-01-01,2020-10-07,83051
16074,LK Saale-Holzland-Kreis,2020-10-08,2021-08-26,82950
16074,LK Saale-Holzland-Kreis,2021-08-27,2222-12-31,82816
16075,LK Saale-Orla-Kreis,2020-01-01,2020-10-07,80868
16075,LK Saale-Orla-Kreis,2020-10-08,2021-08-26,80312
16075,LK Saale-Orla-Kreis,2021-08-27,2222-12-31,79632
16076,LK Greiz,2020-01-01,2020-10-07,98159
16076,LK Greiz,2020-10-08,2021-08-26,97398
16076,LK Greiz,2021-08-27,2222-12-31,96668
16077,LK Altenburger Land,2020-01-01,2020-10-07,90118
16077,LK Altenburger Land,2020-10-08,2021-08-26,89393
16077,LK Altenburger Land,2021-08-27,2222-12-31,88356
